"datasetKey","basisOfRecord","occurrenceStatus","species","decimalLatitude","decimalLongitude","continent","stateProvince","year","month","day","issues","references","license","geodeticDatum","gbifID","catalogNumber","locality","county","preparations"
"50c9509d-22c7-4a22-a47d-8c48425ef4a7","HUMAN_OBSERVATION","PRESENT","Gloydius brevicauda",35.882764,126.627087,"ASIA","Jeollabuk-do",2024,4,28,"cdc","https://www.inaturalist.org/observations/210822457","http://creativecommons.org/licenses/by-nc/4.0/legalcode","WGS84","4853095965","210822457",NA,NA,NA
"50c9509d-22c7-4a22-a47d-8c48425ef4a7","HUMAN_OBSERVATION","PRESENT","Gloydius brevicauda",35.790849,128.496754,"ASIA","Daegu",2024,5,18,"cdc,cdround","https://www.inaturalist.org/observations/216488960","http://creativecommons.org/licenses/by-nc/4.0/legalcode","WGS84","4867861495","216488960",NA,NA,NA
"50c9509d-22c7-4a22-a47d-8c48425ef4a7","HUMAN_OBSERVATION","PRESENT","Gloydius brevicauda",35.519529,127.667375,"ASIA","Gyeongsangnam-do",2024,5,22,"cdc,cdround","https://www.inaturalist.org/observations/217438579","http://creativecommons.org/licenses/by-nc/4.0/legalcode","WGS84","4872256072","217438579",NA,NA,NA
"50c9509d-22c7-4a22-a47d-8c48425ef4a7","HUMAN_OBSERVATION","PRESENT","Gloydius brevicauda",38.127483,127.747323,"ASIA","Gangwon-do",2024,6,6,"cdc,cdround","https://www.inaturalist.org/observations/220883576","http://creativecommons.org/licenses/by-nc/4.0/legalcode","WGS84","4892167379","220883576",NA,NA,NA
"50c9509d-22c7-4a22-a47d-8c48425ef4a7","HUMAN_OBSERVATION","PRESENT","Gloydius brevicauda",37.480703,126.832328,"ASIA","Seoul",2024,6,2,"cdc,cdround","https://www.inaturalist.org/observations/222212072","http://creativecommons.org/licenses/by-nc/4.0/legalcode","WGS84","4901501733","222212072",NA,NA,NA
"50c9509d-22c7-4a22-a47d-8c48425ef4a7","HUMAN_OBSERVATION","PRESENT","Gloydius brevicauda",35.085445,126.116696,"ASIA","Jeollanam-do",2024,6,21,"cdc,cdround","https://www.inaturalist.org/observations/224304005","http://creativecommons.org/licenses/by-nc/4.0/legalcode","WGS84","4901762204","224304005",NA,NA,NA
"50c9509d-22c7-4a22-a47d-8c48425ef4a7","HUMAN_OBSERVATION","PRESENT","Gloydius brevicauda",35.70531,127.861852,"ASIA","Gyeongsangnam-do",2023,4,27,"cdc,cdround","https://www.inaturalist.org/observations/156889259","http://creativecommons.org/licenses/by-nc/4.0/legalcode","WGS84","4102725855","156889259",NA,NA,NA
"50c9509d-22c7-4a22-a47d-8c48425ef4a7","HUMAN_OBSERVATION","PRESENT","Gloydius brevicauda",36.792097,127.072258,"ASIA","Chungcheongnam-do",2023,4,28,"cdc,cdround","https://www.inaturalist.org/observations/157252352","http://creativecommons.org/licenses/by-nc/4.0/legalcode","WGS84","4103136122","157252352",NA,NA,NA
"50c9509d-22c7-4a22-a47d-8c48425ef4a7","HUMAN_OBSERVATION","PRESENT","Gloydius brevicauda",36.28752,127.335296,"ASIA","Daejeon",2023,4,21,"cdc,cdround","https://www.inaturalist.org/observations/159355734","http://creativecommons.org/licenses/by-nc/4.0/legalcode","WGS84","4111754847","159355734",NA,NA,NA
"50c9509d-22c7-4a22-a47d-8c48425ef4a7","HUMAN_OBSERVATION","PRESENT","Gloydius brevicauda",36.613288,127.462994,"ASIA","Chungcheongbuk-do",2023,5,11,"cdc,cdround","https://www.inaturalist.org/observations/161048951","http://creativecommons.org/licenses/by-nc/4.0/legalcode","WGS84","4116365179","161048951",NA,NA,NA
"50c9509d-22c7-4a22-a47d-8c48425ef4a7","HUMAN_OBSERVATION","PRESENT","Gloydius brevicauda",36.791397,127.075714,"ASIA","Chungcheongnam-do",2023,5,11,"cdc,cdround","https://www.inaturalist.org/observations/161078185","http://creativecommons.org/licenses/by-nc/4.0/legalcode","WGS84","4116269201","161078185",NA,NA,NA
"50c9509d-22c7-4a22-a47d-8c48425ef4a7","HUMAN_OBSERVATION","PRESENT","Gloydius brevicauda",36.792822,127.070131,"ASIA","Chungcheongnam-do",2023,5,16,"cdc,cdround","https://www.inaturalist.org/observations/162027428","http://creativecommons.org/licenses/by-nc/4.0/legalcode","WGS84","4116340359","162027428",NA,NA,NA
"50c9509d-22c7-4a22-a47d-8c48425ef4a7","HUMAN_OBSERVATION","PRESENT","Gloydius brevicauda",36.218008,127.340099,"ASIA","Chungcheongnam-do",2023,5,6,"cdc,cdround","https://www.inaturalist.org/observations/163475025","http://creativecommons.org/licenses/by-nc/4.0/legalcode","WGS84","4126920680","163475025",NA,NA,NA
"50c9509d-22c7-4a22-a47d-8c48425ef4a7","HUMAN_OBSERVATION","PRESENT","Gloydius brevicauda",36.792188,127.071839,"ASIA","Chungcheongnam-do",2023,5,25,"cdc,cdround","https://www.inaturalist.org/observations/163704625","http://creativecommons.org/licenses/by-nc/4.0/legalcode","WGS84","4127259024","163704625",NA,NA,NA
"50c9509d-22c7-4a22-a47d-8c48425ef4a7","HUMAN_OBSERVATION","PRESENT","Gloydius brevicauda",36.791772,127.076531,"ASIA","Chungcheongnam-do",2023,6,2,"cdc,cdround","https://www.inaturalist.org/observations/165140532","http://creativecommons.org/licenses/by-nc/4.0/legalcode","WGS84","4129671040","165140532",NA,NA,NA
"50c9509d-22c7-4a22-a47d-8c48425ef4a7","HUMAN_OBSERVATION","PRESENT","Gloydius brevicauda",36.791405,127.077361,"ASIA","Chungcheongnam-do",2023,6,4,"cdc,cdround","https://www.inaturalist.org/observations/165597948","http://creativecommons.org/licenses/by-nc/4.0/legalcode","WGS84","4129954194","165597948",NA,NA,NA
"50c9509d-22c7-4a22-a47d-8c48425ef4a7","HUMAN_OBSERVATION","PRESENT","Gloydius brevicauda",35.692915,127.867862,"ASIA","Gyeongsangnam-do",2023,6,5,"cdc,cdround","https://www.inaturalist.org/observations/165708333","http://creativecommons.org/licenses/by-nc/4.0/legalcode","WGS84","4129675038","165708333",NA,NA,NA
"50c9509d-22c7-4a22-a47d-8c48425ef4a7","HUMAN_OBSERVATION","PRESENT","Gloydius brevicauda",36.792775,127.070167,"ASIA","Chungcheongnam-do",2023,6,5,"cdc,cdround","https://www.inaturalist.org/observations/165798512","http://creativecommons.org/licenses/by-nc/4.0/legalcode","WGS84","4130173577","165798512",NA,NA,NA
"50c9509d-22c7-4a22-a47d-8c48425ef4a7","HUMAN_OBSERVATION","PRESENT","Gloydius brevicauda",36.792345,127.070542,"ASIA","Chungcheongnam-do",2023,6,12,"cdc,cdround","https://www.inaturalist.org/observations/167149692","http://creativecommons.org/licenses/by-nc/4.0/legalcode","WGS84","4133981065","167149692",NA,NA,NA
"50c9509d-22c7-4a22-a47d-8c48425ef4a7","HUMAN_OBSERVATION","PRESENT","Gloydius brevicauda",36.791422,127.077111,"ASIA","Chungcheongnam-do",2023,6,22,"cdc,cdround","https://www.inaturalist.org/observations/168896159","http://creativecommons.org/licenses/by-nc/4.0/legalcode","WGS84","4138210869","168896159",NA,NA,NA
"50c9509d-22c7-4a22-a47d-8c48425ef4a7","HUMAN_OBSERVATION","PRESENT","Gloydius brevicauda",35.419016,126.779466,"ASIA","Jeollabuk-do",2023,6,11,"cdc,cdround","https://www.inaturalist.org/observations/168928958","http://creativecommons.org/licenses/by-nc/4.0/legalcode","WGS84","4138529197","168928958",NA,NA,NA
"50c9509d-22c7-4a22-a47d-8c48425ef4a7","HUMAN_OBSERVATION","PRESENT","Gloydius brevicauda",37.134506,125.831715,NA,"Incheon",2023,7,2,"cdround","https://www.inaturalist.org/observations/170562395","http://creativecommons.org/licenses/by-nc/4.0/legalcode","WGS84","4145660562","170562395",NA,NA,NA
"50c9509d-22c7-4a22-a47d-8c48425ef4a7","HUMAN_OBSERVATION","PRESENT","Gloydius brevicauda",37.01721,125.989779,"ASIA","Incheon",2023,7,2,"cdc,cdround","https://www.inaturalist.org/observations/170604842","http://creativecommons.org/licenses/by-nc/4.0/legalcode","WGS84","4145668586","170604842",NA,NA,NA
"50c9509d-22c7-4a22-a47d-8c48425ef4a7","HUMAN_OBSERVATION","PRESENT","Gloydius brevicauda",34.748922,126.145576,"ASIA","Jeollanam-do",2023,7,25,"cdc,cdround","https://www.inaturalist.org/observations/174811275","http://creativecommons.org/licenses/by-nc/4.0/legalcode","WGS84","4165645983","174811275",NA,NA,NA
"50c9509d-22c7-4a22-a47d-8c48425ef4a7","HUMAN_OBSERVATION","PRESENT","Gloydius brevicauda",37.955082,127.744936,"ASIA","Gangwon-do",2023,8,9,"cdc,cdround","https://www.inaturalist.org/observations/177442541","http://creativecommons.org/licenses/by-nc/4.0/legalcode","WGS84","4177095299","177442541",NA,NA,NA
"50c9509d-22c7-4a22-a47d-8c48425ef4a7","HUMAN_OBSERVATION","PRESENT","Gloydius brevicauda",36.794078,127.21358,"ASIA","Chungcheongnam-do",2023,8,9,"cdc,cdround","https://www.inaturalist.org/observations/177475959","http://creativecommons.org/licenses/by-nc/4.0/legalcode","WGS84","4177042658","177475959",NA,NA,NA
"50c9509d-22c7-4a22-a47d-8c48425ef4a7","HUMAN_OBSERVATION","PRESENT","Gloydius brevicauda",35.984262,129.397505,"ASIA","Gyeongsangbuk-do",2023,8,12,"cdc,cdround","https://www.inaturalist.org/observations/178194077","http://creativecommons.org/licenses/by-nc/4.0/legalcode","WGS84","4177208074","178194077",NA,NA,NA
"50c9509d-22c7-4a22-a47d-8c48425ef4a7","HUMAN_OBSERVATION","PRESENT","Gloydius brevicauda",36.433963,128.60527,"ASIA","Gyeongsangbuk-do",2023,8,21,"cdc,cdround","https://www.inaturalist.org/observations/179505152","http://creativecommons.org/licenses/by-nc/4.0/legalcode","WGS84","4405001629","179505152",NA,NA,NA
"50c9509d-22c7-4a22-a47d-8c48425ef4a7","HUMAN_OBSERVATION","PRESENT","Gloydius brevicauda",37.25838,127.967335,"ASIA","Gangwon-do",2023,8,22,"cdc,cdround","https://www.inaturalist.org/observations/179611632","http://creativecommons.org/licenses/by-nc/4.0/legalcode","WGS84","4400273595","179611632",NA,NA,NA
"50c9509d-22c7-4a22-a47d-8c48425ef4a7","HUMAN_OBSERVATION","PRESENT","Gloydius brevicauda",36.943913,128.147136,"ASIA","Chungcheongbuk-do",2023,9,10,"cdc,cdround","https://www.inaturalist.org/observations/182559596","http://creativecommons.org/licenses/by-nc/4.0/legalcode","WGS84","4413707382","182559596",NA,NA,NA
"50c9509d-22c7-4a22-a47d-8c48425ef4a7","HUMAN_OBSERVATION","PRESENT","Gloydius brevicauda",35.679295,127.388429,"ASIA","Jeollabuk-do",2023,10,9,"cdc,cdround","https://www.inaturalist.org/observations/186700850","http://creativecommons.org/licenses/by-nc/4.0/legalcode","WGS84","4424323935","186700850",NA,NA,NA
"50c9509d-22c7-4a22-a47d-8c48425ef4a7","HUMAN_OBSERVATION","PRESENT","Gloydius brevicauda",36.794445,127.085992,"ASIA","Chungcheongnam-do",2023,10,25,"cdc,cdround","https://www.inaturalist.org/observations/188950924","http://creativecommons.org/licenses/by-nc/4.0/legalcode","WGS84","4436129189","188950924",NA,NA,NA
"50c9509d-22c7-4a22-a47d-8c48425ef4a7","HUMAN_OBSERVATION","PRESENT","Gloydius brevicauda",36.278948,127.355635,"ASIA","Daejeon",2023,10,28,"cdc,cdround","https://www.inaturalist.org/observations/189185992","http://creativecommons.org/licenses/by-nc/4.0/legalcode","WGS84","4436188366","189185992",NA,NA,NA
"50c9509d-22c7-4a22-a47d-8c48425ef4a7","HUMAN_OBSERVATION","PRESENT","Gloydius brevicauda",36.794708,127.231797,"ASIA","Chungcheongnam-do",2023,10,29,"cdc,cdround","https://www.inaturalist.org/observations/189403502","http://creativecommons.org/licenses/by-nc/4.0/legalcode","WGS84","4597286430","189403502",NA,NA,NA
"50c9509d-22c7-4a22-a47d-8c48425ef4a7","HUMAN_OBSERVATION","PRESENT","Gloydius brevicauda",34.976404,126.147025,"ASIA","Jeollanam-do",2022,5,6,"cdc,cdround","https://www.inaturalist.org/observations/115672031","http://creativecommons.org/licenses/by-nc/4.0/legalcode","WGS84","3772923709","115672031",NA,NA,NA
"50c9509d-22c7-4a22-a47d-8c48425ef4a7","HUMAN_OBSERVATION","PRESENT","Gloydius brevicauda",34.98269,126.166706,"ASIA","Jeollanam-do",2022,5,7,"cdc,cdround","https://www.inaturalist.org/observations/116222793","http://creativecommons.org/licenses/by-nc/4.0/legalcode","WGS84","3772633832","116222793",NA,NA,NA
"50c9509d-22c7-4a22-a47d-8c48425ef4a7","HUMAN_OBSERVATION","PRESENT","Gloydius brevicauda",38.135102,128.066646,"ASIA","Gangwon-do",2022,5,29,"cdc,cdround","https://www.inaturalist.org/observations/119147208","http://creativecommons.org/licenses/by-nc/4.0/legalcode","WGS84","3858519476","119147208",NA,NA,NA
"50c9509d-22c7-4a22-a47d-8c48425ef4a7","HUMAN_OBSERVATION","PRESENT","Gloydius brevicauda",35.900013,128.540157,"ASIA","Daegu",2022,5,23,"cdc,cdround","https://www.inaturalist.org/observations/129353851","http://creativecommons.org/licenses/by-nc/4.0/legalcode","WGS84","3892270485","129353851",NA,NA,NA
"50c9509d-22c7-4a22-a47d-8c48425ef4a7","HUMAN_OBSERVATION","PRESENT","Gloydius brevicauda",37.129012,127.638899,"ASIA","Gyeonggi-do",2022,5,9,"cdc,cdround","https://www.inaturalist.org/observations/164774658","http://creativecommons.org/licenses/by-nc/4.0/legalcode","WGS84","4846791029","164774658",NA,NA,NA
"50c9509d-22c7-4a22-a47d-8c48425ef4a7","HUMAN_OBSERVATION","PRESENT","Gloydius brevicauda",36.665225,127.506701,"ASIA","Chungcheongbuk-do",2022,6,23,"cdc,cdround","https://www.inaturalist.org/observations/123062995","http://creativecommons.org/licenses/by-nc/4.0/legalcode","WGS84","3860776796","123062995",NA,NA,NA
"50c9509d-22c7-4a22-a47d-8c48425ef4a7","HUMAN_OBSERVATION","PRESENT","Gloydius brevicauda",38.062655,127.645942,"ASIA","Gangwon-do",2022,6,28,"cdc,cdround","https://www.inaturalist.org/observations/123832822","http://creativecommons.org/licenses/by-nc/4.0/legalcode","WGS84","3860621457","123832822",NA,NA,NA
"50c9509d-22c7-4a22-a47d-8c48425ef4a7","HUMAN_OBSERVATION","PRESENT","Gloydius brevicauda",37.667973,126.198447,"ASIA","Incheon",2022,6,26,"cdc,cdround","https://www.inaturalist.org/observations/130081782","http://creativecommons.org/licenses/by-nc/4.0/legalcode","WGS84","3892442550","130081782",NA,NA,NA
"50c9509d-22c7-4a22-a47d-8c48425ef4a7","HUMAN_OBSERVATION","PRESENT","Gloydius brevicauda",37.458133,128.145837,"ASIA","Gangwon-do",2022,8,3,"cdc,cdround","https://www.inaturalist.org/observations/129400222","http://creativecommons.org/licenses/by-nc/4.0/legalcode","WGS84","3889036599","129400222",NA,NA,NA
"50c9509d-22c7-4a22-a47d-8c48425ef4a7","HUMAN_OBSERVATION","PRESENT","Gloydius brevicauda",36.780858,126.153645,"ASIA","Chungcheongnam-do",2022,8,4,"cdc,cdround","https://www.inaturalist.org/observations/129522169","http://creativecommons.org/licenses/by-nc/4.0/legalcode","WGS84","3888839075","129522169",NA,NA,NA
"50c9509d-22c7-4a22-a47d-8c48425ef4a7","HUMAN_OBSERVATION","PRESENT","Gloydius brevicauda",36.604489,126.136853,"ASIA","Chungcheongnam-do",2022,8,6,"cdc,cdround","https://www.inaturalist.org/observations/129645957","http://creativecommons.org/licenses/by-nc/4.0/legalcode","WGS84","3888831811","129645957",NA,NA,NA
"50c9509d-22c7-4a22-a47d-8c48425ef4a7","HUMAN_OBSERVATION","PRESENT","Gloydius brevicauda",36.7815,126.10151,"ASIA","Chungcheongnam-do",2022,8,7,"cdc,cdround","https://www.inaturalist.org/observations/129768282","http://creativecommons.org/licenses/by-nc/4.0/legalcode","WGS84","3892402511","129768282",NA,NA,NA
"50c9509d-22c7-4a22-a47d-8c48425ef4a7","HUMAN_OBSERVATION","PRESENT","Gloydius brevicauda",37.968484,127.81761,"ASIA","Gangwon-do",2022,8,13,"cdc,cdround","https://www.inaturalist.org/observations/130615733","http://creativecommons.org/licenses/by-nc/4.0/legalcode","WGS84","3892600901","130615733",NA,NA,NA
"50c9509d-22c7-4a22-a47d-8c48425ef4a7","HUMAN_OBSERVATION","PRESENT","Gloydius brevicauda",36.673575,128.15199,"ASIA","Gyeongsangbuk-do",2022,8,28,"cdc,cdround","https://www.inaturalist.org/observations/133167480","http://creativecommons.org/licenses/by-nc/4.0/legalcode","WGS84","3912119715","133167480",NA,NA,NA
"50c9509d-22c7-4a22-a47d-8c48425ef4a7","HUMAN_OBSERVATION","PRESENT","Gloydius brevicauda",36.616776,126.15214,"ASIA","Chungcheongnam-do",2022,8,6,"cdc,cdround","https://www.inaturalist.org/observations/134262093","http://creativecommons.org/licenses/by-nc/4.0/legalcode","WGS84","3903415714","134262093",NA,NA,NA
"50c9509d-22c7-4a22-a47d-8c48425ef4a7","HUMAN_OBSERVATION","PRESENT","Gloydius brevicauda",36.756034,126.038417,NA,"Chungcheongnam-do",2022,8,5,"cdround","https://www.inaturalist.org/observations/134262153","http://creativecommons.org/licenses/by-nc/4.0/legalcode","WGS84","3903487614","134262153",NA,NA,NA
"50c9509d-22c7-4a22-a47d-8c48425ef4a7","HUMAN_OBSERVATION","PRESENT","Gloydius brevicauda",36.738973,126.183325,"ASIA","Chungcheongnam-do",2022,8,7,"cdc,cdround","https://www.inaturalist.org/observations/134262258","http://creativecommons.org/licenses/by-nc/4.0/legalcode","WGS84","3903367290","134262258",NA,NA,NA
"50c9509d-22c7-4a22-a47d-8c48425ef4a7","HUMAN_OBSERVATION","PRESENT","Gloydius brevicauda",35.585471,126.817263,"ASIA","Jeollabuk-do",2022,9,20,"cdc,cdround","https://www.inaturalist.org/observations/135760745","http://creativecommons.org/licenses/by-nc/4.0/legalcode","WGS84","3912341831","135760745",NA,NA,NA
"50c9509d-22c7-4a22-a47d-8c48425ef4a7","HUMAN_OBSERVATION","PRESENT","Gloydius brevicauda",38.062663,127.74794,"ASIA","Gangwon-do",2022,9,23,"cdc,cdround","https://www.inaturalist.org/observations/136135283","http://creativecommons.org/licenses/by-nc/4.0/legalcode","WGS84","3947641828","136135283",NA,NA,NA
"50c9509d-22c7-4a22-a47d-8c48425ef4a7","HUMAN_OBSERVATION","PRESENT","Gloydius brevicauda",35.740172,126.603959,"ASIA","Jeollabuk-do",2022,9,24,"cdc","https://www.inaturalist.org/observations/136243450","http://creativecommons.org/licenses/by-nc/4.0/legalcode","WGS84","3915600699","136243450",NA,NA,NA
"50c9509d-22c7-4a22-a47d-8c48425ef4a7","HUMAN_OBSERVATION","PRESENT","Gloydius brevicauda",36.79133,127.076514,"ASIA","Chungcheongnam-do",2022,9,26,"cdc,cdround","https://www.inaturalist.org/observations/136651446","http://creativecommons.org/licenses/by-nc/4.0/legalcode","WGS84","3923531761","136651446",NA,NA,NA
"50c9509d-22c7-4a22-a47d-8c48425ef4a7","HUMAN_OBSERVATION","PRESENT","Gloydius brevicauda",38.071062,127.731476,"ASIA","Gangwon-do",2022,9,27,"cdc,cdround","https://www.inaturalist.org/observations/136656900","http://creativecommons.org/licenses/by-nc/4.0/legalcode","WGS84","3915682442","136656900",NA,NA,NA
"50c9509d-22c7-4a22-a47d-8c48425ef4a7","HUMAN_OBSERVATION","PRESENT","Gloydius brevicauda",36.70702,127.016328,"ASIA","Chungcheongnam-do",2022,10,1,"cdc,cdround","https://www.inaturalist.org/observations/137214488","http://creativecommons.org/licenses/by-nc/4.0/legalcode","WGS84","3923581270","137214488",NA,NA,NA
"50c9509d-22c7-4a22-a47d-8c48425ef4a7","HUMAN_OBSERVATION","PRESENT","Gloydius brevicauda",36.791395,127.077003,"ASIA","Chungcheongnam-do",2022,10,16,"cdc,cdround","https://www.inaturalist.org/observations/138979813","http://creativecommons.org/licenses/by-nc/4.0/legalcode","WGS84","3947484695","138979813",NA,NA,NA
"50c9509d-22c7-4a22-a47d-8c48425ef4a7","HUMAN_OBSERVATION","PRESENT","Gloydius brevicauda",36.79142,127.077111,"ASIA","Chungcheongnam-do",2022,10,22,"cdc,cdround","https://www.inaturalist.org/observations/139672485","http://creativecommons.org/licenses/by-nc/4.0/legalcode","WGS84","3947511393","139672485",NA,NA,NA
"50c9509d-22c7-4a22-a47d-8c48425ef4a7","HUMAN_OBSERVATION","PRESENT","Gloydius brevicauda",36.791412,127.077003,"ASIA","Chungcheongnam-do",2022,10,22,"cdc,cdround","https://www.inaturalist.org/observations/139672692","http://creativecommons.org/licenses/by-nc/4.0/legalcode","WGS84","3947459483","139672692",NA,NA,NA
"50c9509d-22c7-4a22-a47d-8c48425ef4a7","HUMAN_OBSERVATION","PRESENT","Gloydius brevicauda",37.123701,127.639898,"ASIA","Gyeonggi-do",2022,10,19,"cdc,cdround","https://www.inaturalist.org/observations/164815108","http://creativecommons.org/licenses/by-nc/4.0/legalcode","WGS84","4129743007","164815108",NA,NA,NA
"50c9509d-22c7-4a22-a47d-8c48425ef4a7","HUMAN_OBSERVATION","PRESENT","Gloydius brevicauda",36.58359,127.422203,"ASIA","Chungcheongbuk-do",2021,5,19,"cdc,cdround","https://www.inaturalist.org/observations/147179876","http://creativecommons.org/licenses/by-nc/4.0/legalcode","WGS84","4022385463","147179876",NA,NA,NA
"50c9509d-22c7-4a22-a47d-8c48425ef4a7","HUMAN_OBSERVATION","PRESENT","Gloydius brevicauda",36.22845,126.085117,"ASIA","Chungcheongnam-do",2021,5,12,"cdc,cdround","https://www.inaturalist.org/observations/157124590","http://creativecommons.org/licenses/by-nc/4.0/legalcode","WGS84","4102657102","157124590",NA,NA,NA
"50c9509d-22c7-4a22-a47d-8c48425ef4a7","HUMAN_OBSERVATION","PRESENT","Gloydius brevicauda",35.63786,126.955776,"ASIA","Jeollabuk-do",2021,5,7,"cdc,cdround","https://www.inaturalist.org/observations/77717425","http://creativecommons.org/licenses/by-nc/4.0/legalcode","WGS84","3113428664","77717425",NA,NA,NA
"50c9509d-22c7-4a22-a47d-8c48425ef4a7","HUMAN_OBSERVATION","PRESENT","Gloydius brevicauda",37.168037,126.31358,"ASIA","Incheon",2021,6,20,"cdc,cdround","https://www.inaturalist.org/observations/181557319","http://creativecommons.org/licenses/by-nc/4.0/legalcode","WGS84","4407512095","181557319",NA,NA,NA
"50c9509d-22c7-4a22-a47d-8c48425ef4a7","HUMAN_OBSERVATION","PRESENT","Gloydius brevicauda",36.842779,127.464079,"ASIA","Chungcheongbuk-do",2021,6,20,"cdc,cdround","https://www.inaturalist.org/observations/187869515","http://creativecommons.org/licenses/by-nc/4.0/legalcode","WGS84","4431132113","187869515",NA,NA,NA
"50c9509d-22c7-4a22-a47d-8c48425ef4a7","HUMAN_OBSERVATION","PRESENT","Gloydius brevicauda",37.590385,126.837229,"ASIA","Gyeonggi-do",2021,7,4,"cdc,cdround","https://www.inaturalist.org/observations/85568345","http://creativecommons.org/licenses/by/4.0/legalcode","WGS84","3333066506","85568345",NA,NA,NA
"50c9509d-22c7-4a22-a47d-8c48425ef4a7","HUMAN_OBSERVATION","PRESENT","Gloydius brevicauda",36.613249,127.463035,"ASIA","Chungcheongbuk-do",2021,7,20,"cdc,cdround","https://www.inaturalist.org/observations/87921890","http://creativecommons.org/licenses/by-nc/4.0/legalcode","WGS84","3330658347","87921890",NA,NA,NA
"50c9509d-22c7-4a22-a47d-8c48425ef4a7","HUMAN_OBSERVATION","PRESENT","Gloydius brevicauda",38.022174,127.883015,"ASIA","Gangwon-do",2021,7,25,"cdc,cdround","https://www.inaturalist.org/observations/88529484","http://creativecommons.org/licenses/by-nc/4.0/legalcode","WGS84","3333052990","88529484",NA,NA,NA
"50c9509d-22c7-4a22-a47d-8c48425ef4a7","HUMAN_OBSERVATION","PRESENT","Gloydius brevicauda",36.613525,127.462313,"ASIA","Chungcheongbuk-do",2021,8,5,"cdc,cdround","https://www.inaturalist.org/observations/91000850","http://creativecommons.org/licenses/by-nc/4.0/legalcode","WGS84","3337683059","91000850",NA,NA,NA
"50c9509d-22c7-4a22-a47d-8c48425ef4a7","HUMAN_OBSERVATION","PRESENT","Gloydius brevicauda",38.146533,127.963065,"ASIA","Gangwon-do",2021,8,21,"cdc,cdround","https://www.inaturalist.org/observations/91969570","http://creativecommons.org/licenses/by-nc/4.0/legalcode","WGS84","3344052845","91969570",NA,NA,NA
"50c9509d-22c7-4a22-a47d-8c48425ef4a7","HUMAN_OBSERVATION","PRESENT","Gloydius brevicauda",35.836234,127.494427,"ASIA","Jeollabuk-do",2021,9,4,"cdc,cdround","https://www.inaturalist.org/observations/93562582","http://creativecommons.org/licenses/by-nc/4.0/legalcode","WGS84","3355341804","93562582",NA,NA,NA
"50c9509d-22c7-4a22-a47d-8c48425ef4a7","HUMAN_OBSERVATION","PRESENT","Gloydius brevicauda",36.985817,127.198353,"ASIA","Gyeonggi-do",2021,9,17,"cdc,cdround","https://www.inaturalist.org/observations/95141150","http://creativecommons.org/licenses/by-nc/4.0/legalcode","WGS84","3384681263","95141150",NA,NA,NA
"50c9509d-22c7-4a22-a47d-8c48425ef4a7","HUMAN_OBSERVATION","PRESENT","Gloydius brevicauda",37.456123,128.143048,"ASIA","Gangwon-do",2021,12,9,"cdc,cdround","https://www.inaturalist.org/observations/102760729","http://creativecommons.org/licenses/by-nc/4.0/legalcode","WGS84","3456998866","102760729",NA,NA,NA
"50c9509d-22c7-4a22-a47d-8c48425ef4a7","HUMAN_OBSERVATION","PRESENT","Gloydius brevicauda",36.563156,128.23566,"ASIA","Gyeongsangbuk-do",2020,6,16,"cdc,cdround","https://www.inaturalist.org/observations/49790335","http://creativecommons.org/licenses/by-nc/4.0/legalcode","WGS84","2803081247","49790335",NA,NA,NA
"50c9509d-22c7-4a22-a47d-8c48425ef4a7","HUMAN_OBSERVATION","PRESENT","Gloydius brevicauda",37.091389,127.589722,"ASIA","Gyeonggi-do",2020,6,16,"cdc,cdround","https://www.inaturalist.org/observations/49834701","http://creativecommons.org/licenses/by-nc/4.0/legalcode","WGS84","2813893745","49834701",NA,NA,NA
"50c9509d-22c7-4a22-a47d-8c48425ef4a7","HUMAN_OBSERVATION","PRESENT","Gloydius brevicauda",36.698033,126.580063,"ASIA","Chungcheongnam-do",2020,6,16,"cdc,cdround","https://www.inaturalist.org/observations/56022187","http://creativecommons.org/licenses/by-nc/4.0/legalcode","WGS84","3888771337","56022187",NA,NA,NA
"50c9509d-22c7-4a22-a47d-8c48425ef4a7","HUMAN_OBSERVATION","PRESENT","Gloydius brevicauda",36.937778,128.145,"ASIA","Chungcheongbuk-do",2020,7,11,"cdc,cdround","https://www.inaturalist.org/observations/52676191","http://creativecommons.org/licenses/by-nc/4.0/legalcode","WGS84","3031584797","52676191",NA,NA,NA
"50c9509d-22c7-4a22-a47d-8c48425ef4a7","HUMAN_OBSERVATION","PRESENT","Gloydius brevicauda",36.430556,126.401667,"ASIA","Chungcheongnam-do",2020,8,10,"cdc,cdround","https://www.inaturalist.org/observations/56202101","http://creativecommons.org/licenses/by-nc/4.0/legalcode","WGS84","3031942890","56202101",NA,NA,NA
"50c9509d-22c7-4a22-a47d-8c48425ef4a7","HUMAN_OBSERVATION","PRESENT","Gloydius brevicauda",37.758889,126.622222,"ASIA","Gyeonggi-do",2020,8,25,"cdc,cdround","https://www.inaturalist.org/observations/57523847","http://creativecommons.org/licenses/by-nc/4.0/legalcode","WGS84","3044925617","57523847",NA,NA,NA
"50c9509d-22c7-4a22-a47d-8c48425ef4a7","HUMAN_OBSERVATION","PRESENT","Gloydius brevicauda",37.118056,128.545278,"ASIA","Gangwon-do",2020,8,27,"cdc,cdround","https://www.inaturalist.org/observations/57737720","http://creativecommons.org/licenses/by-nc/4.0/legalcode","WGS84","3018028492","57737720",NA,NA,NA
"50c9509d-22c7-4a22-a47d-8c48425ef4a7","HUMAN_OBSERVATION","PRESENT","Gloydius brevicauda",37.744917,126.610235,"ASIA","Gyeonggi-do",2020,8,25,"cdc,cdround","https://www.inaturalist.org/observations/65391167","http://creativecommons.org/licenses/by-nc/4.0/legalcode","WGS84","2988716680","65391167",NA,NA,NA
"50c9509d-22c7-4a22-a47d-8c48425ef4a7","HUMAN_OBSERVATION","PRESENT","Gloydius brevicauda",37.169284,126.303085,"ASIA","Incheon",2020,9,27,"cdc,cdround","https://www.inaturalist.org/observations/181207023","http://creativecommons.org/licenses/by-nc/4.0/legalcode","WGS84","4407135928","181207023",NA,NA,NA
"50c9509d-22c7-4a22-a47d-8c48425ef4a7","HUMAN_OBSERVATION","PRESENT","Gloydius brevicauda",37.450833,128.664167,"ASIA","Gangwon-do",2020,9,17,"cdc,cdround","https://www.inaturalist.org/observations/59790019","http://creativecommons.org/licenses/by-nc/4.0/legalcode","WGS84","2864867958","59790019",NA,NA,NA
"50c9509d-22c7-4a22-a47d-8c48425ef4a7","HUMAN_OBSERVATION","PRESENT","Gloydius brevicauda",37.271995,127.434822,"ASIA","Gyeonggi-do",2020,9,30,"cdc,cdround","https://www.inaturalist.org/observations/61274911","http://creativecommons.org/licenses/by-nc/4.0/legalcode","WGS84","2882995633","61274911",NA,NA,NA
"50c9509d-22c7-4a22-a47d-8c48425ef4a7","HUMAN_OBSERVATION","PRESENT","Gloydius brevicauda",37.375,128.611667,"ASIA","Gangwon-do",2020,10,4,"cdc,cdround","https://www.inaturalist.org/observations/61657528","http://creativecommons.org/licenses/by-nc/4.0/legalcode","WGS84","2992881517","61657528",NA,NA,NA
"50c9509d-22c7-4a22-a47d-8c48425ef4a7","HUMAN_OBSERVATION","PRESENT","Gloydius brevicauda",35.370244,128.896991,"ASIA","Gyeongsangnam-do",2020,10,10,"cdc,cdround","https://www.inaturalist.org/observations/62177325","http://creativecommons.org/licenses/by-nc/4.0/legalcode","WGS84","3067730347","62177325",NA,NA,NA
"50c9509d-22c7-4a22-a47d-8c48425ef4a7","HUMAN_OBSERVATION","PRESENT","Gloydius brevicauda",37.371242,126.717848,"ASIA","Gyeonggi-do",2019,7,31,"cdc,cdround","https://www.inaturalist.org/observations/107267992","http://creativecommons.org/licenses/by-nc/4.0/legalcode","WGS84","3759568850","107267992",NA,NA,NA
"50c9509d-22c7-4a22-a47d-8c48425ef4a7","HUMAN_OBSERVATION","PRESENT","Gloydius brevicauda",37.250416,126.324239,"ASIA","Incheon",2019,8,15,"cdc,cdround","https://www.inaturalist.org/observations/30850733","http://creativecommons.org/licenses/by-nc/4.0/legalcode","WGS84","2397501467","30850733",NA,NA,NA
"50c9509d-22c7-4a22-a47d-8c48425ef4a7","HUMAN_OBSERVATION","PRESENT","Gloydius brevicauda",36.853783,127.962919,"ASIA","Chungcheongbuk-do",2019,9,20,"cdc,cdround","https://www.inaturalist.org/observations/33052606","http://creativecommons.org/licenses/by-nc/4.0/legalcode","WGS84","2423154826","33052606",NA,NA,NA
"50c9509d-22c7-4a22-a47d-8c48425ef4a7","HUMAN_OBSERVATION","PRESENT","Gloydius brevicauda",36.560292,127.295665,"ASIA","Sejong",2019,10,19,"cdc,cdround","https://www.inaturalist.org/observations/34572184","http://creativecommons.org/licenses/by-nc/4.0/legalcode","WGS84","2445053811","34572184",NA,NA,NA
"50c9509d-22c7-4a22-a47d-8c48425ef4a7","HUMAN_OBSERVATION","PRESENT","Gloydius brevicauda",37.458008,128.14227,"ASIA","Gangwon-do",2018,9,11,"cdc,cdround","https://www.inaturalist.org/observations/16482237","http://creativecommons.org/licenses/by-nc/4.0/legalcode","WGS84","1913666083","16482237",NA,NA,NA
"50c9509d-22c7-4a22-a47d-8c48425ef4a7","HUMAN_OBSERVATION","PRESENT","Gloydius brevicauda",36.084045,128.386842,"ASIA","Gyeongsangbuk-do",2018,9,1,"cdc,cdround","https://www.inaturalist.org/observations/16661098","http://creativecommons.org/licenses/by-nc/4.0/legalcode","WGS84","1913698472","16661098",NA,NA,NA
"50c9509d-22c7-4a22-a47d-8c48425ef4a7","HUMAN_OBSERVATION","PRESENT","Gloydius brevicauda",36.545273,128.718658,"ASIA","Gyeongsangbuk-do",2018,10,15,"cdc,cdround","https://www.inaturalist.org/observations/17901719","http://creativecommons.org/licenses/by-nc/4.0/legalcode","WGS84","1933563299","17901719",NA,NA,NA
"50c9509d-22c7-4a22-a47d-8c48425ef4a7","HUMAN_OBSERVATION","PRESENT","Gloydius brevicauda",36.399074,127.41359,"ASIA","Daejeon",2017,4,26,"cdc,cdround","https://www.inaturalist.org/observations/71362051","http://creativecommons.org/licenses/by-nc/4.0/legalcode","WGS84","3067870356","71362051",NA,NA,NA
"50c9509d-22c7-4a22-a47d-8c48425ef4a7","HUMAN_OBSERVATION","PRESENT","Gloydius brevicauda",36.031523,126.724843,"ASIA","Chungcheongnam-do",2017,7,21,"cdc,cdround","https://www.inaturalist.org/observations/169364634","http://creativecommons.org/licenses/by-nc/4.0/legalcode","WGS84","4138357312","169364634",NA,NA,NA
"50c9509d-22c7-4a22-a47d-8c48425ef4a7","HUMAN_OBSERVATION","PRESENT","Gloydius brevicauda",37.490649,126.578143,"ASIA","Incheon",2017,8,27,"cdc,cdround","https://www.inaturalist.org/observations/8200533","http://creativecommons.org/licenses/by-nc/4.0/legalcode","WGS84","1913718361","8200533",NA,NA,NA
"50c9509d-22c7-4a22-a47d-8c48425ef4a7","HUMAN_OBSERVATION","PRESENT","Gloydius brevicauda",37.898888,126.765831,"ASIA","Gyeonggi-do",2017,9,1,"cdc,cdround","https://www.inaturalist.org/observations/7739268","http://creativecommons.org/licenses/by-nc/4.0/legalcode","WGS84","2350451698","7739268",NA,NA,NA
"50c9509d-22c7-4a22-a47d-8c48425ef4a7","HUMAN_OBSERVATION","PRESENT","Gloydius brevicauda",36.746308,126.580833,"ASIA","Chungcheongnam-do",2017,10,6,"cdc,cdround","https://www.inaturalist.org/observations/13797787","http://creativecommons.org/licenses/by-nc/4.0/legalcode","WGS84","1880574778","13797787",NA,NA,NA
"50c9509d-22c7-4a22-a47d-8c48425ef4a7","HUMAN_OBSERVATION","PRESENT","Gloydius brevicauda",36.748702,126.57634,"ASIA","Chungcheongnam-do",2017,10,6,"cdc","https://www.inaturalist.org/observations/8288471","http://creativecommons.org/licenses/by/4.0/legalcode","WGS84","1671722683","8288471",NA,NA,NA
"50c9509d-22c7-4a22-a47d-8c48425ef4a7","HUMAN_OBSERVATION","PRESENT","Gloydius brevicauda",36.816113,126.928337,"ASIA","Chungcheongnam-do",2016,6,1,"cdc,cdround","https://www.inaturalist.org/observations/3355035","http://creativecommons.org/licenses/by-nc/4.0/legalcode","WGS84","1270056842","3355035",NA,NA,NA
"50c9509d-22c7-4a22-a47d-8c48425ef4a7","HUMAN_OBSERVATION","PRESENT","Gloydius brevicauda",34.918037,126.209843,"ASIA","Jeollanam-do",2016,7,28,"cdc,cdround","https://www.inaturalist.org/observations/3758467","http://creativecommons.org/licenses/by/4.0/legalcode","WGS84","1913204120","3758467",NA,NA,NA
"50c9509d-22c7-4a22-a47d-8c48425ef4a7","HUMAN_OBSERVATION","PRESENT","Gloydius brevicauda",34.917762,126.209758,"ASIA","Jeollanam-do",2016,7,28,"cdc,cdround","https://www.inaturalist.org/observations/3758481","http://creativecommons.org/licenses/by/4.0/legalcode","WGS84","1802610323","3758481",NA,NA,NA
"50c9509d-22c7-4a22-a47d-8c48425ef4a7","HUMAN_OBSERVATION","PRESENT","Gloydius brevicauda",36.723482,126.132155,"ASIA","Chungcheongnam-do",2016,7,31,"cdc,cdround","https://www.inaturalist.org/observations/3773412","http://creativecommons.org/licenses/by/4.0/legalcode","WGS84","2826185311","3773412",NA,NA,NA
"50c9509d-22c7-4a22-a47d-8c48425ef4a7","HUMAN_OBSERVATION","PRESENT","Gloydius brevicauda",36.846659,129.181366,"ASIA","Gyeongsangbuk-do",2014,7,23,"cdc","https://www.inaturalist.org/observations/4681971","http://creativecommons.org/licenses/by/4.0/legalcode","WGS84","3383888311","4681971",NA,NA,NA
"50c9509d-22c7-4a22-a47d-8c48425ef4a7","HUMAN_OBSERVATION","PRESENT","Gloydius brevicauda",36.50457,127.484322,"ASIA","Chungcheongbuk-do",2014,7,12,"cdc","https://www.inaturalist.org/observations/780912","http://creativecommons.org/licenses/by/4.0/legalcode","WGS84","2573970610","780912",NA,NA,NA
"50c9509d-22c7-4a22-a47d-8c48425ef4a7","HUMAN_OBSERVATION","PRESENT","Gloydius brevicauda",36.651043,126.633654,"ASIA","Chungcheongnam-do",2014,9,27,"cdc","https://www.inaturalist.org/observations/1198467","http://creativecommons.org/licenses/by/4.0/legalcode","WGS84","2573780162","1198467",NA,NA,NA
"50c9509d-22c7-4a22-a47d-8c48425ef4a7","HUMAN_OBSERVATION","PRESENT","Gloydius brevicauda",36.993066,129.40042,"ASIA","Gyeongsangbuk-do",2014,9,19,"cdc","https://www.inaturalist.org/observations/2293611","http://creativecommons.org/licenses/by-nc/4.0/legalcode","WGS84","3415846316","2293611",NA,NA,NA
"50c9509d-22c7-4a22-a47d-8c48425ef4a7","HUMAN_OBSERVATION","PRESENT","Gloydius brevicauda",36.403794,127.37124,"ASIA","Daejeon",2013,9,18,"cdc","https://www.inaturalist.org/observations/401943","http://creativecommons.org/licenses/by/4.0/legalcode","WGS84","2294711118","401943",NA,NA,NA
"50c9509d-22c7-4a22-a47d-8c48425ef4a7","HUMAN_OBSERVATION","PRESENT","Gloydius brevicauda",36.404215,127.371819,"ASIA","Daejeon",2013,9,18,"cdc","https://www.inaturalist.org/observations/401953","http://creativecommons.org/licenses/by/4.0/legalcode","WGS84","3415806301","401953",NA,NA,NA
"50c9509d-22c7-4a22-a47d-8c48425ef4a7","HUMAN_OBSERVATION","PRESENT","Gloydius brevicauda",35.831314,128.481936,"ASIA","Daegu",2012,7,19,"cdc","https://www.inaturalist.org/observations/368950","http://creativecommons.org/licenses/by/4.0/legalcode","WGS84","891027063","368950",NA,NA,NA
"50c9509d-22c7-4a22-a47d-8c48425ef4a7","HUMAN_OBSERVATION","PRESENT","Gloydius brevicauda",37.078394,125.951774,"ASIA","Incheon",2012,7,22,"cdc","https://www.inaturalist.org/observations/368955","http://creativecommons.org/licenses/by/4.0/legalcode","WGS84","891027062","368955",NA,NA,NA
"50c9509d-22c7-4a22-a47d-8c48425ef4a7","HUMAN_OBSERVATION","PRESENT","Gloydius brevicauda",36.747481,126.591082,"ASIA","Chungcheongnam-do",2011,5,17,"cdc","https://www.inaturalist.org/observations/2572483","http://creativecommons.org/licenses/by/4.0/legalcode","WGS84","1229612324","2572483",NA,NA,NA
"50c9509d-22c7-4a22-a47d-8c48425ef4a7","HUMAN_OBSERVATION","PRESENT","Gloydius brevicauda",36.6943,126.162357,"ASIA","Chungcheongnam-do",2011,5,1,"cdc","https://www.inaturalist.org/observations/368958","http://creativecommons.org/licenses/by/4.0/legalcode","WGS84","891027066","368958",NA,NA,NA
"50c9509d-22c7-4a22-a47d-8c48425ef4a7","HUMAN_OBSERVATION","PRESENT","Gloydius brevicauda",36.742805,126.583571,"ASIA","Chungcheongnam-do",2011,7,5,"cdc","https://www.inaturalist.org/observations/2575207","http://creativecommons.org/licenses/by/4.0/legalcode","WGS84","2574066716","2575207",NA,NA,NA
"50c9509d-22c7-4a22-a47d-8c48425ef4a7","HUMAN_OBSERVATION","PRESENT","Gloydius brevicauda",36.700494,126.559238,"ASIA","Chungcheongnam-do",2011,8,1,"cdc,cdround","https://www.inaturalist.org/observations/26657","http://creativecommons.org/licenses/by/4.0/legalcode","WGS84","891018899","26657",NA,NA,NA
"50c9509d-22c7-4a22-a47d-8c48425ef4a7","HUMAN_OBSERVATION","PRESENT","Gloydius brevicauda",36.747138,127.699928,"ASIA","Chungcheongbuk-do",2011,8,14,"cdc","https://www.inaturalist.org/observations/28220","http://creativecommons.org/licenses/by/4.0/legalcode","WGS84","891018932","28220",NA,NA,NA
"50c9509d-22c7-4a22-a47d-8c48425ef4a7","HUMAN_OBSERVATION","PRESENT","Gloydius brevicauda",35.79087,128.448188,"ASIA","Gyeongsangbuk-do",2011,10,30,"cdc,cdround","https://www.inaturalist.org/observations/152479189","http://creativecommons.org/licenses/by-nc/4.0/legalcode","WGS84","4075960667","152479189",NA,NA,NA
"50c9509d-22c7-4a22-a47d-8c48425ef4a7","HUMAN_OBSERVATION","PRESENT","Gloydius brevicauda",35.79096,128.448579,"ASIA","Gyeongsangbuk-do",2011,10,30,"cdc,cdround","https://www.inaturalist.org/observations/152479192","http://creativecommons.org/licenses/by-nc/4.0/legalcode","WGS84","4076363719","152479192",NA,NA,NA
"50c9509d-22c7-4a22-a47d-8c48425ef4a7","HUMAN_OBSERVATION","PRESENT","Gloydius brevicauda",35.79086,128.448185,"ASIA","Gyeongsangbuk-do",2011,10,12,"cdc,cdround","https://www.inaturalist.org/observations/152592632","http://creativecommons.org/licenses/by-nc/4.0/legalcode","WGS84","4075971863","152592632",NA,NA,NA
"50c9509d-22c7-4a22-a47d-8c48425ef4a7","HUMAN_OBSERVATION","PRESENT","Gloydius brevicauda",36.141756,127.274551,"ASIA","Chungcheongnam-do",2010,10,17,"cdc","https://www.inaturalist.org/observations/2513264","http://creativecommons.org/licenses/by/4.0/legalcode","WGS84","2574074714","2513264",NA,NA,NA
"50c9509d-22c7-4a22-a47d-8c48425ef4a7","HUMAN_OBSERVATION","PRESENT","Gloydius brevicauda",36.72179,126.129506,"ASIA","Chungcheongnam-do",2010,10,16,"cdc","https://www.inaturalist.org/observations/368961","http://creativecommons.org/licenses/by/4.0/legalcode","WGS84","891027053","368961",NA,NA,NA
"50c9509d-22c7-4a22-a47d-8c48425ef4a7","HUMAN_OBSERVATION","PRESENT","Gloydius brevicauda",37.479368,127.043365,"ASIA","Seoul",2010,11,6,"cdc,cdround","https://www.inaturalist.org/observations/37767236","http://creativecommons.org/licenses/by-nc/4.0/legalcode","WGS84","2563524625","37767236",NA,NA,NA
"50c9509d-22c7-4a22-a47d-8c48425ef4a7","HUMAN_OBSERVATION","PRESENT","Gloydius brevicauda",36.686454,126.564045,"ASIA","Chungcheongnam-do",2009,4,5,"cdc","https://www.inaturalist.org/observations/2498423","http://creativecommons.org/licenses/by/4.0/legalcode","WGS84","2573819616","2498423",NA,NA,NA
"50c9509d-22c7-4a22-a47d-8c48425ef4a7","HUMAN_OBSERVATION","PRESENT","Gloydius brevicauda",36.199923,127.440247,"ASIA","Daejeon",2009,7,19,"cdc","https://www.inaturalist.org/observations/2500630","http://creativecommons.org/licenses/by/4.0/legalcode","WGS84","2013760833","2500630",NA,NA,NA
"50c9509d-22c7-4a22-a47d-8c48425ef4a7","HUMAN_OBSERVATION","PRESENT","Gloydius brevicauda",36.741558,126.587402,"ASIA","Chungcheongnam-do",2009,8,9,"cdc","https://www.inaturalist.org/observations/2501267","http://creativecommons.org/licenses/by/4.0/legalcode","WGS84","2573906617","2501267",NA,NA,NA
"50c9509d-22c7-4a22-a47d-8c48425ef4a7","HUMAN_OBSERVATION","PRESENT","Gloydius brevicauda",36.706687,126.61417,"ASIA","Chungcheongnam-do",2008,11,10,"cdc","https://www.inaturalist.org/observations/368966","http://creativecommons.org/licenses/by/4.0/legalcode","WGS84","2573827601","368966",NA,NA,NA
"50c9509d-22c7-4a22-a47d-8c48425ef4a7","HUMAN_OBSERVATION","PRESENT","Gloydius brevicauda",37.234702,126.991053,"ASIA","Gyeonggi-do",2007,5,26,"cdc","https://www.inaturalist.org/observations/2482881","http://creativecommons.org/licenses/by/4.0/legalcode","WGS84","2573830621","2482881",NA,NA,NA
"50c9509d-22c7-4a22-a47d-8c48425ef4a7","HUMAN_OBSERVATION","PRESENT","Gloydius brevicauda",36.689896,126.566191,"ASIA","Chungcheongnam-do",2006,6,6,"cdc","https://www.inaturalist.org/observations/368968","http://creativecommons.org/licenses/by/4.0/legalcode","WGS84","2283281960","368968",NA,NA,NA
"50c9509d-22c7-4a22-a47d-8c48425ef4a7","HUMAN_OBSERVATION","PRESENT","Gloydius brevicauda",36.423493,127.157307,"ASIA","Chungcheongnam-do",2006,9,9,"cdc","https://www.inaturalist.org/observations/368971","http://creativecommons.org/licenses/by/4.0/legalcode","WGS84","891027064","368971",NA,NA,NA
"78f98484-a7ef-4e6c-8b51-7464f1209591","PRESERVED_SPECIMEN","PRESENT","Gloydius brevicauda",35.52287,129.40143,"ASIA","Ulsan",1953,8,9,"cdc,mdativ,txmatfuz,colmafu,inmafu","https://csvcoll.org/portal/collections/individual/index.php?occid=7652","http://creativecommons.org/publicdomain/zero/1.0/legalcode","WGS84","2816185606","ASUHEC003553","CHUNG NI","Dong-gu",NA
"cece4fc2-1fec-4bb5-a335-7252548e3f0b","PRESERVED_SPECIMEN","PRESENT","Gloydius brevicauda",37.493542,126.5161,"ASIA","Incheon Metropolitan City",1953,8,23,"cdround",NA,"http://creativecommons.org/publicdomain/zero/1.0/legalcode","WGS84","543725534","18061","Marie Fortune Arch, Yellow Sea",NA,"Alcohol"
"cece4fc2-1fec-4bb5-a335-7252548e3f0b","PRESERVED_SPECIMEN","PRESENT","Gloydius brevicauda",36.9,127.166667,"ASIA","South Chungcheong Prov.",1911,6,16,"cdround,gass84",NA,"http://creativecommons.org/publicdomain/zero/1.0/legalcode","WGS84","543616204","31523","Chicksan [36 54 N, 127 10 E]",NA,"Alcohol"
