"datasetKey","basisOfRecord","occurrenceStatus","species","decimalLatitude","decimalLongitude","continent","stateProvince","year","month","day","issues","references","license","geodeticDatum","gbifID","catalogNumber","locality","county","elevation","preparations"
"50c9509d-22c7-4a22-a47d-8c48425ef4a7","HUMAN_OBSERVATION","PRESENT","Orientocoluber spinalis",34.952752,126.11741,"ASIA","Jeollanam-do",2023,7,28,"cdc,cdround","https://www.inaturalist.org/observations/175296572","http://creativecommons.org/licenses/by-nc/4.0/legalcode","WGS84","4171966057","175296572",NA,NA,NA,NA
"50c9509d-22c7-4a22-a47d-8c48425ef4a7","HUMAN_OBSERVATION","PRESENT","Orientocoluber spinalis",35.600894,126.280158,"ASIA","Jeollabuk-do",2023,8,14,"cdc,cdround","https://www.inaturalist.org/observations/179655613","http://creativecommons.org/licenses/by-nc/4.0/legalcode","WGS84","4400027805","179655613",NA,NA,NA,NA
"50c9509d-22c7-4a22-a47d-8c48425ef4a7","HUMAN_OBSERVATION","PRESENT","Orientocoluber spinalis",33.481934,126.985478,"ASIA","Jeju",2023,8,29,"cdc,cdround","https://www.inaturalist.org/observations/180733241","http://creativecommons.org/licenses/by-nc/4.0/legalcode","WGS84","4405294070","180733241",NA,NA,NA,NA
"50c9509d-22c7-4a22-a47d-8c48425ef4a7","HUMAN_OBSERVATION","PRESENT","Orientocoluber spinalis",36.917486,128.050357,"ASIA","Chungcheongbuk-do",2023,9,10,"cdc,cdround","https://www.inaturalist.org/observations/182569438","http://creativecommons.org/licenses/by-nc/4.0/legalcode","WGS84","4414136402","182569438",NA,NA,NA,NA
"50c9509d-22c7-4a22-a47d-8c48425ef4a7","HUMAN_OBSERVATION","PRESENT","Orientocoluber spinalis",36.903763,128.078504,"ASIA","Chungcheongbuk-do",2023,9,10,"cdc,cdround","https://www.inaturalist.org/observations/182575110","http://creativecommons.org/licenses/by-nc/4.0/legalcode","WGS84","4413715024","182575110",NA,NA,NA,NA
"50c9509d-22c7-4a22-a47d-8c48425ef4a7","HUMAN_OBSERVATION","PRESENT","Orientocoluber spinalis",34.983347,126.135998,"ASIA","Jeollanam-do",2022,5,6,"cdc,cdround","https://www.inaturalist.org/observations/115671574","http://creativecommons.org/licenses/by-nc/4.0/legalcode","WGS84","3772757655","115671574",NA,NA,NA,NA
"d8cd16ba-bb74-4420-821e-083f2bac17c2","PRESERVED_SPECIMEN","PRESENT","Orientocoluber spinalis",34.6,125.82,"ASIA",NA,2022,6,12,"cdc,gass84","https://www.ebi.ac.uk/ena/browser/view/OQ290836","http://creativecommons.org/licenses/by/4.0/legalcode","WGS84","4152740350","G04024OS","Ui-do",NA,NA,NA
"50c9509d-22c7-4a22-a47d-8c48425ef4a7","HUMAN_OBSERVATION","PRESENT","Orientocoluber spinalis",33.426229,126.835945,"ASIA","Jeju",2022,8,25,"cdc,cdround","https://www.inaturalist.org/observations/182644553","http://creativecommons.org/licenses/by-nc/4.0/legalcode","WGS84","4414190461","182644553",NA,NA,NA,NA
"50c9509d-22c7-4a22-a47d-8c48425ef4a7","HUMAN_OBSERVATION","PRESENT","Orientocoluber spinalis",33.451504,126.870981,"ASIA","Jeju",2022,8,26,"cdc,cdround","https://www.inaturalist.org/observations/182645303","http://creativecommons.org/licenses/by-nc/4.0/legalcode","WGS84","4414067567","182645303",NA,NA,NA,NA
"d8cd16ba-bb74-4420-821e-083f2bac17c2","PRESERVED_SPECIMEN","PRESENT","Orientocoluber spinalis",33.5,126.96,"ASIA",NA,2022,9,23,"cdc,gass84","https://www.ebi.ac.uk/ena/browser/view/OQ290837","http://creativecommons.org/licenses/by/4.0/legalcode","WGS84","4152728570","G04189OS","U-do",NA,NA,NA
"50c9509d-22c7-4a22-a47d-8c48425ef4a7","HUMAN_OBSERVATION","PRESENT","Orientocoluber spinalis",36.674687,126.077887,"ASIA","Chungcheongnam-do",2021,4,25,"cdc,cdround","https://www.inaturalist.org/observations/75403964","http://creativecommons.org/licenses/by-nc/4.0/legalcode","WGS84","3109256243","75403964",NA,NA,NA,NA
"50c9509d-22c7-4a22-a47d-8c48425ef4a7","HUMAN_OBSERVATION","PRESENT","Orientocoluber spinalis",36.675833,126.069378,"ASIA","Chungcheongnam-do",2021,4,25,"cdc,cdround","https://www.inaturalist.org/observations/75415938","http://creativecommons.org/licenses/by-nc/4.0/legalcode","WGS84","3109062219","75415938",NA,NA,NA,NA
"d8cd16ba-bb74-4420-821e-083f2bac17c2","PRESERVED_SPECIMEN","PRESENT","Orientocoluber spinalis",35.48,126.6,"ASIA",NA,2021,6,22,"cdc,gass84","https://www.ebi.ac.uk/ena/browser/view/OQ330873","http://creativecommons.org/licenses/by/4.0/legalcode","WGS84","4152793459","G01556OS","Woraksan",NA,NA,NA
"50c9509d-22c7-4a22-a47d-8c48425ef4a7","HUMAN_OBSERVATION","PRESENT","Orientocoluber spinalis",33.363283,126.357029,"ASIA","Jeju",2021,7,18,"cdc,cdround","https://www.inaturalist.org/observations/87485824","http://creativecommons.org/licenses/by-nc/4.0/legalcode","WGS84","3330517889","87485824",NA,NA,NA,NA
"d8cd16ba-bb74-4420-821e-083f2bac17c2","PRESERVED_SPECIMEN","PRESENT","Orientocoluber spinalis",34.23,126.08,"ASIA",NA,2021,7,15,"cdc,gass84","https://www.ebi.ac.uk/ena/browser/view/OQ290830","http://creativecommons.org/licenses/by/4.0/legalcode","WGS84","4155152141","G01565OS","Oeyeon-do",NA,NA,NA
"d8cd16ba-bb74-4420-821e-083f2bac17c2","PRESERVED_SPECIMEN","PRESENT","Orientocoluber spinalis",33.36,126.35,"ASIA",NA,2021,7,18,"cdc,gass84","https://www.ebi.ac.uk/ena/browser/view/OQ330869","http://creativecommons.org/licenses/by/4.0/legalcode","WGS84","4152809477","G01617OS","Jeju-do",NA,NA,NA
"d8cd16ba-bb74-4420-821e-083f2bac17c2","PRESERVED_SPECIMEN","PRESENT","Orientocoluber spinalis",35.73,128.42,"ASIA",NA,2021,7,18,"cdc,gass84","https://www.ebi.ac.uk/ena/browser/view/OQ330875","http://creativecommons.org/licenses/by/4.0/legalcode","WGS84","4152778857","G01567OS","Oeyeon-do",NA,NA,NA
"50c9509d-22c7-4a22-a47d-8c48425ef4a7","HUMAN_OBSERVATION","PRESENT","Orientocoluber spinalis",33.504329,126.956046,"ASIA","Jeju",2021,9,11,"cdc,cdround","https://www.inaturalist.org/observations/94409493","http://creativecommons.org/licenses/by-nc/4.0/legalcode","WGS84","3384048381","94409493",NA,NA,NA,NA
"50c9509d-22c7-4a22-a47d-8c48425ef4a7","HUMAN_OBSERVATION","PRESENT","Orientocoluber spinalis",33.200233,126.269982,"ASIA","Jeju",2021,9,23,"cdc,cdround","https://www.inaturalist.org/observations/95837586","http://creativecommons.org/licenses/by-nc/4.0/legalcode","WGS84","3384290978","95837586",NA,NA,NA,NA
"50c9509d-22c7-4a22-a47d-8c48425ef4a7","HUMAN_OBSERVATION","PRESENT","Orientocoluber spinalis",33.503893,126.956561,"ASIA","Jeju",2021,10,9,"cdc,cdround","https://www.inaturalist.org/observations/97616173","http://creativecommons.org/licenses/by-nc/4.0/legalcode","WGS84","3391682712","97616173",NA,NA,NA,NA
"50c9509d-22c7-4a22-a47d-8c48425ef4a7","HUMAN_OBSERVATION","PRESENT","Orientocoluber spinalis",33.503875,126.94795,"ASIA","Jeju",2021,10,9,"cdc,cdround","https://www.inaturalist.org/observations/97617729","http://creativecommons.org/licenses/by-nc/4.0/legalcode","WGS84","3391649705","97617729",NA,NA,NA,NA
"d8cd16ba-bb74-4420-821e-083f2bac17c2","PRESERVED_SPECIMEN","PRESENT","Orientocoluber spinalis",36.86,128.08,"ASIA",NA,2020,6,13,"cdc,gass84","https://www.ebi.ac.uk/ena/browser/view/OQ290816","http://creativecommons.org/licenses/by/4.0/legalcode","WGS84","4152747779","G01517OS","Woraksan National Park",NA,NA,NA
"50c9509d-22c7-4a22-a47d-8c48425ef4a7","HUMAN_OBSERVATION","PRESENT","Orientocoluber spinalis",36.233546,126.088971,"ASIA","Chungcheongnam-do",2020,9,14,"cdc,cdround","https://www.inaturalist.org/observations/66274989","http://creativecommons.org/licenses/by-nc/4.0/legalcode","WGS84","2999160952","66274989",NA,NA,NA,NA
"50c9509d-22c7-4a22-a47d-8c48425ef4a7","HUMAN_OBSERVATION","PRESENT","Orientocoluber spinalis",36.876389,128.0825,"ASIA","Chungcheongbuk-do",2020,10,20,"cdc,cdround","https://www.inaturalist.org/observations/63082954","http://creativecommons.org/licenses/by-nc/4.0/legalcode","WGS84","2992722541","63082954",NA,NA,NA,NA
"50c9509d-22c7-4a22-a47d-8c48425ef4a7","HUMAN_OBSERVATION","PRESENT","Orientocoluber spinalis",33.401995,126.710368,"ASIA","Jeju",2018,4,21,"cdc,cdround","https://www.inaturalist.org/observations/11419776","http://creativecommons.org/licenses/by-nc/4.0/legalcode","WGS84","1839263264","11419776",NA,NA,NA,NA
"50c9509d-22c7-4a22-a47d-8c48425ef4a7","HUMAN_OBSERVATION","PRESENT","Orientocoluber spinalis",37.158081,126.034964,"ASIA","Incheon",2015,4,27,"cdc,cdround","https://www.inaturalist.org/observations/182601360","http://creativecommons.org/licenses/by-nc/4.0/legalcode","WGS84","4413362987","182601360",NA,NA,NA,NA
"50c9509d-22c7-4a22-a47d-8c48425ef4a7","HUMAN_OBSERVATION","PRESENT","Orientocoluber spinalis",38.105648,127.708049,"ASIA","Gangwon-do",2015,9,16,"cdc","https://www.inaturalist.org/observations/2306347","http://creativecommons.org/licenses/by-nc/4.0/legalcode","WGS84","2237530078","2306347",NA,NA,NA,NA
"50c9509d-22c7-4a22-a47d-8c48425ef4a7","HUMAN_OBSERVATION","PRESENT","Orientocoluber spinalis",37.080642,125.947051,"ASIA","Incheon",2014,9,7,"cdc","https://www.inaturalist.org/observations/1198481","http://creativecommons.org/licenses/by/4.0/legalcode","WGS84","2573780164","1198481",NA,NA,NA,NA
"50c9509d-22c7-4a22-a47d-8c48425ef4a7","HUMAN_OBSERVATION","PRESENT","Orientocoluber spinalis",35.7766,128.421249,"ASIA","Gyeongsangbuk-do",2014,10,24,"cdc","https://www.inaturalist.org/observations/3659854","http://creativecommons.org/licenses/by/4.0/legalcode","WGS84","2573967628","3659854",NA,NA,NA,NA
"ef6e0754-8bf2-4854-9aa3-3a2a1a90810b","HUMAN_OBSERVATION","PRESENT","Orientocoluber spinalis",35.478381,126.548089,"ASIA",NA,2013,5,5,"cdc,cdround,gass84",NA,"http://creativecommons.org/licenses/by-nc/4.0/legalcode","WGS84","3001350341",NA,NA,NA,NA,NA
"ef6e0754-8bf2-4854-9aa3-3a2a1a90810b","HUMAN_OBSERVATION","PRESENT","Orientocoluber spinalis",35.456953,126.567014,"ASIA",NA,2013,8,12,"cdc,cdround,gass84",NA,"http://creativecommons.org/licenses/by-nc/4.0/legalcode","WGS84","3001347659",NA,NA,NA,NA,NA
"ef6e0754-8bf2-4854-9aa3-3a2a1a90810b","HUMAN_OBSERVATION","PRESENT","Orientocoluber spinalis",34.553947,126.068153,"ASIA",NA,2012,4,29,"cdc,cdround,gass84",NA,"http://creativecommons.org/licenses/by-nc/4.0/legalcode","WGS84","3001333952",NA,NA,NA,NA,NA
"ef6e0754-8bf2-4854-9aa3-3a2a1a90810b","HUMAN_OBSERVATION","PRESENT","Orientocoluber spinalis",34.535678,126.044697,"ASIA",NA,2012,4,30,"cdc,cdround,gass84",NA,"http://creativecommons.org/licenses/by-nc/4.0/legalcode","WGS84","3001336952",NA,NA,NA,NA,NA
"ef6e0754-8bf2-4854-9aa3-3a2a1a90810b","HUMAN_OBSERVATION","PRESENT","Orientocoluber spinalis",35.348417,126.031536,"ASIA",NA,2012,5,24,"cdc,cdround,gass84",NA,"http://creativecommons.org/licenses/by-nc/4.0/legalcode","WGS84","3001336940",NA,NA,NA,NA,NA
"ef6e0754-8bf2-4854-9aa3-3a2a1a90810b","HUMAN_OBSERVATION","PRESENT","Orientocoluber spinalis",34.634933,126.149736,"ASIA",NA,2012,5,12,"cdc,cdround,gass84",NA,"http://creativecommons.org/licenses/by-nc/4.0/legalcode","WGS84","3001847850",NA,NA,NA,NA,NA
"ef6e0754-8bf2-4854-9aa3-3a2a1a90810b","HUMAN_OBSERVATION","PRESENT","Orientocoluber spinalis",34.180297,126.561842,"ASIA",NA,2012,8,20,"cdc,cdround,gass84",NA,"http://creativecommons.org/licenses/by-nc/4.0/legalcode","WGS84","3001859001",NA,NA,NA,NA,NA
"50c9509d-22c7-4a22-a47d-8c48425ef4a7","HUMAN_OBSERVATION","PRESENT","Orientocoluber spinalis",33.312168,126.386719,"ASIA","Jeju",2012,10,28,"cdc,cdround","https://www.inaturalist.org/observations/140248","http://creativecommons.org/licenses/by/4.0/legalcode","WGS84","891021695","140248",NA,NA,NA,NA
"ef6e0754-8bf2-4854-9aa3-3a2a1a90810b","HUMAN_OBSERVATION","PRESENT","Orientocoluber spinalis",34.366689,126.513092,"ASIA",NA,2012,10,9,"cdc,cdround,gass84",NA,"http://creativecommons.org/licenses/by-nc/4.0/legalcode","WGS84","3001805952",NA,NA,NA,NA,NA
"ef6e0754-8bf2-4854-9aa3-3a2a1a90810b","HUMAN_OBSERVATION","PRESENT","Orientocoluber spinalis",34.4278,127.039453,"ASIA",NA,2011,3,25,"cdc,cdround,gass84",NA,"http://creativecommons.org/licenses/by-nc/4.0/legalcode","WGS84","3001864802",NA,NA,NA,NA,NA
"ef6e0754-8bf2-4854-9aa3-3a2a1a90810b","HUMAN_OBSERVATION","PRESENT","Orientocoluber spinalis",34.222928,127.233603,"ASIA",NA,2011,4,22,"cdc,cdround,gass84",NA,"http://creativecommons.org/licenses/by-nc/4.0/legalcode","WGS84","3001840837",NA,NA,NA,NA,NA
"ef6e0754-8bf2-4854-9aa3-3a2a1a90810b","HUMAN_OBSERVATION","PRESENT","Orientocoluber spinalis",34.241117,127.253567,"ASIA",NA,2011,4,22,"cdc,cdround,gass84",NA,"http://creativecommons.org/licenses/by-nc/4.0/legalcode","WGS84","3001847732",NA,NA,NA,NA,NA
"ef6e0754-8bf2-4854-9aa3-3a2a1a90810b","HUMAN_OBSERVATION","PRESENT","Orientocoluber spinalis",34.336603,126.845172,"ASIA",NA,2011,4,1,"cdc,cdround,gass84",NA,"http://creativecommons.org/licenses/by-nc/4.0/legalcode","WGS84","3001337880",NA,NA,NA,NA,NA
"ef6e0754-8bf2-4854-9aa3-3a2a1a90810b","HUMAN_OBSERVATION","PRESENT","Orientocoluber spinalis",34.3239,126.842372,"ASIA",NA,2011,4,1,"cdc,cdround,gass84",NA,"http://creativecommons.org/licenses/by-nc/4.0/legalcode","WGS84","3001840840",NA,NA,NA,NA,NA
"ef6e0754-8bf2-4854-9aa3-3a2a1a90810b","HUMAN_OBSERVATION","PRESENT","Orientocoluber spinalis",33.429444,126.935556,"ASIA",NA,2011,4,9,"cdc,cdround,gass84",NA,"http://creativecommons.org/licenses/by-nc/4.0/legalcode","WGS84","3001864855",NA,NA,NA,NA,NA
"ef6e0754-8bf2-4854-9aa3-3a2a1a90810b","HUMAN_OBSERVATION","PRESENT","Orientocoluber spinalis",33.307325,126.570217,"ASIA",NA,2011,7,31,"cdc,cdround,gass84",NA,"http://creativecommons.org/licenses/by-nc/4.0/legalcode","WGS84","3001341732",NA,NA,NA,NA,NA
"ef6e0754-8bf2-4854-9aa3-3a2a1a90810b","HUMAN_OBSERVATION","PRESENT","Orientocoluber spinalis",36.130389,128.695669,"ASIA",NA,2011,10,1,"cdc,cdround,gass84",NA,"http://creativecommons.org/licenses/by-nc/4.0/legalcode","WGS84","3001818633",NA,NA,NA,NA,NA
"ef6e0754-8bf2-4854-9aa3-3a2a1a90810b","HUMAN_OBSERVATION","PRESENT","Orientocoluber spinalis",35.119528,126.540972,"ASIA",NA,2009,6,26,"cdc,cdround,gass84",NA,"http://creativecommons.org/licenses/by-nc/4.0/legalcode","WGS84","3001868139",NA,NA,NA,NA,NA
"ef6e0754-8bf2-4854-9aa3-3a2a1a90810b","HUMAN_OBSERVATION","PRESENT","Orientocoluber spinalis",34.9167,126.439392,"ASIA",NA,2009,8,12,"cdc,cdround,gass84",NA,"http://creativecommons.org/licenses/by-nc/4.0/legalcode","WGS84","3001865090",NA,NA,NA,NA,NA
"ef6e0754-8bf2-4854-9aa3-3a2a1a90810b","HUMAN_OBSERVATION","PRESENT","Orientocoluber spinalis",37.567583,127.798917,"ASIA",NA,2009,9,29,"cdc,cdround,gass84",NA,"http://creativecommons.org/licenses/by-nc/4.0/legalcode","WGS84","3001342179",NA,NA,NA,NA,NA
"ef6e0754-8bf2-4854-9aa3-3a2a1a90810b","HUMAN_OBSERVATION","PRESENT","Orientocoluber spinalis",37.739333,127.687667,"ASIA",NA,2009,10,10,"cdc,cdround,gass84",NA,"http://creativecommons.org/licenses/by-nc/4.0/legalcode","WGS84","3001338227",NA,NA,NA,NA,NA
"ef6e0754-8bf2-4854-9aa3-3a2a1a90810b","HUMAN_OBSERVATION","PRESENT","Orientocoluber spinalis",35.414561,128.870295,"ASIA",NA,2008,9,29,"cdc,cdround,gass84",NA,"http://creativecommons.org/licenses/by-nc/4.0/legalcode","WGS84","3001330069",NA,NA,NA,NA,NA
"50c9509d-22c7-4a22-a47d-8c48425ef4a7","HUMAN_OBSERVATION","PRESENT","Orientocoluber spinalis",36.405327,126.844625,"ASIA","Chungcheongnam-do",2008,10,8,"cdc","https://www.inaturalist.org/observations/2495688","http://creativecommons.org/licenses/by/4.0/legalcode","WGS84","2574203711","2495688",NA,NA,NA,NA
"50c9509d-22c7-4a22-a47d-8c48425ef4a7","HUMAN_OBSERVATION","PRESENT","Orientocoluber spinalis",37.849917,127.288971,"ASIA","Gyeonggi-do",2008,10,3,"cdc,cdround","https://www.inaturalist.org/observations/26631","http://creativecommons.org/licenses/by/4.0/legalcode","WGS84","891018894","26631",NA,NA,NA,NA
"50c9509d-22c7-4a22-a47d-8c48425ef4a7","HUMAN_OBSERVATION","PRESENT","Orientocoluber spinalis",36.739434,126.583829,"ASIA","Chungcheongnam-do",2008,11,11,"cdc","https://www.inaturalist.org/observations/2330392","http://creativecommons.org/licenses/by/4.0/legalcode","WGS84","2574137713","2330392",NA,NA,NA,NA
"ef6e0754-8bf2-4854-9aa3-3a2a1a90810b","HUMAN_OBSERVATION","PRESENT","Orientocoluber spinalis",36.873696,129.160712,"ASIA",NA,2007,4,29,"cdc,cdround,gass84",NA,"http://creativecommons.org/licenses/by-nc/4.0/legalcode","WGS84","3001802973",NA,NA,NA,NA,NA
"ef6e0754-8bf2-4854-9aa3-3a2a1a90810b","HUMAN_OBSERVATION","PRESENT","Orientocoluber spinalis",35.267194,126.925833,"ASIA",NA,2007,5,26,"cdc,cdround,gass84",NA,"http://creativecommons.org/licenses/by-nc/4.0/legalcode","WGS84","3001331869",NA,NA,NA,NA,NA
"ef6e0754-8bf2-4854-9aa3-3a2a1a90810b","HUMAN_OBSERVATION","PRESENT","Orientocoluber spinalis",35.294584,127.099254,"ASIA",NA,2007,7,7,"cdc,cdround,gass84",NA,"http://creativecommons.org/licenses/by-nc/4.0/legalcode","WGS84","3001319865",NA,NA,NA,NA,NA
"ef6e0754-8bf2-4854-9aa3-3a2a1a90810b","HUMAN_OBSERVATION","PRESENT","Orientocoluber spinalis",35.545497,126.636563,"ASIA",NA,2006,5,21,"cdc,cdround,gass84",NA,"http://creativecommons.org/licenses/by-nc/4.0/legalcode","WGS84","3001843537",NA,NA,NA,NA,NA
"ef6e0754-8bf2-4854-9aa3-3a2a1a90810b","HUMAN_OBSERVATION","PRESENT","Orientocoluber spinalis",35.563308,127.914502,"ASIA",NA,2006,5,13,"cdc,cdround,gass84",NA,"http://creativecommons.org/licenses/by-nc/4.0/legalcode","WGS84","3001324612",NA,NA,NA,NA,NA
"ef6e0754-8bf2-4854-9aa3-3a2a1a90810b","HUMAN_OBSERVATION","PRESENT","Orientocoluber spinalis",35.526923,127.831732,"ASIA",NA,2006,7,30,"cdc,cdround,gass84",NA,"http://creativecommons.org/licenses/by-nc/4.0/legalcode","WGS84","3001326549",NA,NA,NA,NA,NA
"ef6e0754-8bf2-4854-9aa3-3a2a1a90810b","HUMAN_OBSERVATION","PRESENT","Orientocoluber spinalis",34.472531,127.183912,"ASIA",NA,2005,2,26,"cdc,cdround,gass84",NA,"http://creativecommons.org/licenses/by-nc/4.0/legalcode","WGS84","3001844818",NA,NA,NA,NA,NA
"ef6e0754-8bf2-4854-9aa3-3a2a1a90810b","HUMAN_OBSERVATION","PRESENT","Orientocoluber spinalis",37.561047,127.857857,"ASIA",NA,2005,3,1,"cdc,cdround,gass84",NA,"http://creativecommons.org/licenses/by-nc/4.0/legalcode","WGS84","3001835893",NA,NA,NA,NA,NA
"ef6e0754-8bf2-4854-9aa3-3a2a1a90810b","HUMAN_OBSERVATION","PRESENT","Orientocoluber spinalis",37.513472,127.938059,"ASIA",NA,2005,3,1,"cdc,cdround,gass84",NA,"http://creativecommons.org/licenses/by-nc/4.0/legalcode","WGS84","3001834752",NA,NA,NA,NA,NA
"ef6e0754-8bf2-4854-9aa3-3a2a1a90810b","HUMAN_OBSERVATION","PRESENT","Orientocoluber spinalis",37.517302,127.835671,"ASIA",NA,2005,3,1,"cdc,cdround,gass84",NA,"http://creativecommons.org/licenses/by-nc/4.0/legalcode","WGS84","3001321787",NA,NA,NA,NA,NA
"ef6e0754-8bf2-4854-9aa3-3a2a1a90810b","HUMAN_OBSERVATION","PRESENT","Orientocoluber spinalis",35.842567,129.358355,"ASIA",NA,2005,3,12,"cdc,cdround,gass84",NA,"http://creativecommons.org/licenses/by-nc/4.0/legalcode","WGS84","3001317859",NA,NA,NA,NA,NA
"ef6e0754-8bf2-4854-9aa3-3a2a1a90810b","HUMAN_OBSERVATION","PRESENT","Orientocoluber spinalis",35.838061,129.324066,"ASIA",NA,2005,3,12,"cdc,cdround,gass84",NA,"http://creativecommons.org/licenses/by-nc/4.0/legalcode","WGS84","3001320738",NA,NA,NA,NA,NA
"ef6e0754-8bf2-4854-9aa3-3a2a1a90810b","HUMAN_OBSERVATION","PRESENT","Orientocoluber spinalis",35.968257,129.489496,"ASIA",NA,2005,3,12,"cdc,cdround,gass84",NA,"http://creativecommons.org/licenses/by-nc/4.0/legalcode","WGS84","3001315763",NA,NA,NA,NA,NA
"ef6e0754-8bf2-4854-9aa3-3a2a1a90810b","HUMAN_OBSERVATION","PRESENT","Orientocoluber spinalis",35.391346,129.318429,"ASIA",NA,2005,3,5,"cdc,cdround,gass84",NA,"http://creativecommons.org/licenses/by-nc/4.0/legalcode","WGS84","3001314819",NA,NA,NA,NA,NA
"ef6e0754-8bf2-4854-9aa3-3a2a1a90810b","HUMAN_OBSERVATION","PRESENT","Orientocoluber spinalis",35.215754,129.170019,"ASIA",NA,2005,3,5,"cdc,cdround,gass84",NA,"http://creativecommons.org/licenses/by-nc/4.0/legalcode","WGS84","3001837899",NA,NA,NA,NA,NA
"ef6e0754-8bf2-4854-9aa3-3a2a1a90810b","HUMAN_OBSERVATION","PRESENT","Orientocoluber spinalis",35.205313,129.158265,"ASIA",NA,2005,3,5,"cdc,cdround,gass84",NA,"http://creativecommons.org/licenses/by-nc/4.0/legalcode","WGS84","3001316907",NA,NA,NA,NA,NA
"ef6e0754-8bf2-4854-9aa3-3a2a1a90810b","HUMAN_OBSERVATION","PRESENT","Orientocoluber spinalis",35.306628,129.154249,"ASIA",NA,2005,3,5,"cdc,cdround,gass84",NA,"http://creativecommons.org/licenses/by-nc/4.0/legalcode","WGS84","3001829769",NA,NA,NA,NA,NA
"ef6e0754-8bf2-4854-9aa3-3a2a1a90810b","HUMAN_OBSERVATION","PRESENT","Orientocoluber spinalis",37.056735,128.166679,"ASIA",NA,2005,4,1,"cdc,cdround,gass84",NA,"http://creativecommons.org/licenses/by-nc/4.0/legalcode","WGS84","3001318778",NA,NA,NA,NA,NA
"ef6e0754-8bf2-4854-9aa3-3a2a1a90810b","HUMAN_OBSERVATION","PRESENT","Orientocoluber spinalis",37.022009,128.270939,"ASIA",NA,2005,4,1,"cdc,cdround,gass84",NA,"http://creativecommons.org/licenses/by-nc/4.0/legalcode","WGS84","3001316870",NA,NA,NA,NA,NA
"ef6e0754-8bf2-4854-9aa3-3a2a1a90810b","HUMAN_OBSERVATION","PRESENT","Orientocoluber spinalis",37.082006,128.117697,"ASIA",NA,2005,4,1,"cdc,cdround,gass84",NA,"http://creativecommons.org/licenses/by-nc/4.0/legalcode","WGS84","3001793807",NA,NA,NA,NA,NA
"ef6e0754-8bf2-4854-9aa3-3a2a1a90810b","HUMAN_OBSERVATION","PRESENT","Orientocoluber spinalis",37.084714,128.264285,"ASIA",NA,2005,4,1,"cdc,cdround,gass84",NA,"http://creativecommons.org/licenses/by-nc/4.0/legalcode","WGS84","3001315729",NA,NA,NA,NA,NA
"ef6e0754-8bf2-4854-9aa3-3a2a1a90810b","HUMAN_OBSERVATION","PRESENT","Orientocoluber spinalis",35.104256,127.973881,"ASIA",NA,2004,3,19,"cdc,cdround,gass84",NA,"http://creativecommons.org/licenses/by-nc/4.0/legalcode","WGS84","3001849360",NA,NA,NA,NA,NA
"ef6e0754-8bf2-4854-9aa3-3a2a1a90810b","HUMAN_OBSERVATION","PRESENT","Orientocoluber spinalis",35.287457,128.919984,"ASIA",NA,2004,3,5,"cdc,cdround,gass84",NA,"http://creativecommons.org/licenses/by-nc/4.0/legalcode","WGS84","3001316466",NA,NA,NA,NA,NA
"ef6e0754-8bf2-4854-9aa3-3a2a1a90810b","HUMAN_OBSERVATION","PRESENT","Orientocoluber spinalis",35.332082,128.82539,"ASIA",NA,2004,3,5,"cdc,cdround,gass84",NA,"http://creativecommons.org/licenses/by-nc/4.0/legalcode","WGS84","3001318370",NA,NA,NA,NA,NA
"ef6e0754-8bf2-4854-9aa3-3a2a1a90810b","HUMAN_OBSERVATION","PRESENT","Orientocoluber spinalis",35.284567,128.971518,"ASIA",NA,2004,3,5,"cdc,cdround,gass84",NA,"http://creativecommons.org/licenses/by-nc/4.0/legalcode","WGS84","3001314382",NA,NA,NA,NA,NA
"ef6e0754-8bf2-4854-9aa3-3a2a1a90810b","HUMAN_OBSERVATION","PRESENT","Orientocoluber spinalis",35.191098,128.734689,"ASIA",NA,2004,3,12,"cdc,cdround,gass84",NA,"http://creativecommons.org/licenses/by-nc/4.0/legalcode","WGS84","3001320323",NA,NA,NA,NA,NA
"ef6e0754-8bf2-4854-9aa3-3a2a1a90810b","HUMAN_OBSERVATION","PRESENT","Orientocoluber spinalis",37.996123,127.190755,"ASIA",NA,2004,5,22,"cdc,cdround,gass84",NA,"http://creativecommons.org/licenses/by-nc/4.0/legalcode","WGS84","3001793396",NA,NA,NA,NA,NA
"ef6e0754-8bf2-4854-9aa3-3a2a1a90810b","HUMAN_OBSERVATION","PRESENT","Orientocoluber spinalis",38.050023,127.795262,"ASIA",NA,2003,2,15,"cdc,cdround,gass84",NA,"http://creativecommons.org/licenses/by-nc/4.0/legalcode","WGS84","3001315393",NA,NA,NA,NA,NA
"ef6e0754-8bf2-4854-9aa3-3a2a1a90810b","HUMAN_OBSERVATION","PRESENT","Orientocoluber spinalis",36.06175,129.097915,"ASIA",NA,2003,2,1,"cdc,cdround,gass84",NA,"http://creativecommons.org/licenses/by-nc/4.0/legalcode","WGS84","3001309500",NA,NA,NA,NA,NA
"ef6e0754-8bf2-4854-9aa3-3a2a1a90810b","HUMAN_OBSERVATION","PRESENT","Orientocoluber spinalis",36.046523,129.06858,"ASIA",NA,2003,2,1,"cdc,cdround,gass84",NA,"http://creativecommons.org/licenses/by-nc/4.0/legalcode","WGS84","3001318674",NA,NA,NA,NA,NA
"ef6e0754-8bf2-4854-9aa3-3a2a1a90810b","HUMAN_OBSERVATION","PRESENT","Orientocoluber spinalis",35.846296,129.000565,"ASIA",NA,2003,2,1,"cdc,cdround,gass84",NA,"http://creativecommons.org/licenses/by-nc/4.0/legalcode","WGS84","3001787707",NA,NA,NA,NA,NA
"ef6e0754-8bf2-4854-9aa3-3a2a1a90810b","HUMAN_OBSERVATION","PRESENT","Orientocoluber spinalis",35.851409,129.00614,"ASIA",NA,2003,2,1,"cdc,cdround,gass84",NA,"http://creativecommons.org/licenses/by-nc/4.0/legalcode","WGS84","3001793710",NA,NA,NA,NA,NA
"ef6e0754-8bf2-4854-9aa3-3a2a1a90810b","HUMAN_OBSERVATION","PRESENT","Orientocoluber spinalis",35.793187,128.977829,"ASIA",NA,2003,2,1,"cdc,cdround,gass84",NA,"http://creativecommons.org/licenses/by-nc/4.0/legalcode","WGS84","3001829631",NA,NA,NA,NA,NA
"ef6e0754-8bf2-4854-9aa3-3a2a1a90810b","HUMAN_OBSERVATION","PRESENT","Orientocoluber spinalis",35.806911,128.992864,"ASIA",NA,2003,2,1,"cdc,cdround,gass84",NA,"http://creativecommons.org/licenses/by-nc/4.0/legalcode","WGS84","3001313709",NA,NA,NA,NA,NA
"ef6e0754-8bf2-4854-9aa3-3a2a1a90810b","HUMAN_OBSERVATION","PRESENT","Orientocoluber spinalis",35.491683,128.783332,"ASIA",NA,2003,2,1,"cdc,cdround,gass84",NA,"http://creativecommons.org/licenses/by-nc/4.0/legalcode","WGS84","3001829653",NA,NA,NA,NA,NA
"ef6e0754-8bf2-4854-9aa3-3a2a1a90810b","HUMAN_OBSERVATION","PRESENT","Orientocoluber spinalis",35.483078,128.764987,"ASIA",NA,2003,2,1,"cdc,cdround,gass84",NA,"http://creativecommons.org/licenses/by-nc/4.0/legalcode","WGS84","3001313733",NA,NA,NA,NA,NA
"ef6e0754-8bf2-4854-9aa3-3a2a1a90810b","HUMAN_OBSERVATION","PRESENT","Orientocoluber spinalis",35.487939,128.804808,"ASIA",NA,2003,2,1,"cdc,cdround,gass84",NA,"http://creativecommons.org/licenses/by-nc/4.0/legalcode","WGS84","3001322711",NA,NA,NA,NA,NA
"ef6e0754-8bf2-4854-9aa3-3a2a1a90810b","HUMAN_OBSERVATION","PRESENT","Orientocoluber spinalis",35.537096,128.988119,"ASIA",NA,2003,2,1,"cdc,cdround,gass84",NA,"http://creativecommons.org/licenses/by-nc/4.0/legalcode","WGS84","3001844733",NA,NA,NA,NA,NA
"ef6e0754-8bf2-4854-9aa3-3a2a1a90810b","HUMAN_OBSERVATION","PRESENT","Orientocoluber spinalis",33.475115,126.713069,"ASIA",NA,2003,3,20,"cdc,cdround,gass84",NA,"http://creativecommons.org/licenses/by-nc/4.0/legalcode","WGS84","3001820832",NA,NA,NA,NA,NA
"ef6e0754-8bf2-4854-9aa3-3a2a1a90810b","HUMAN_OBSERVATION","PRESENT","Orientocoluber spinalis",33.443802,126.62111,"ASIA",NA,2003,3,20,"cdc,cdround,gass84",NA,"http://creativecommons.org/licenses/by-nc/4.0/legalcode","WGS84","3001834750",NA,NA,NA,NA,NA
"ef6e0754-8bf2-4854-9aa3-3a2a1a90810b","HUMAN_OBSERVATION","PRESENT","Orientocoluber spinalis",33.478777,126.816209,"ASIA",NA,2003,3,20,"cdc,cdround,gass84",NA,"http://creativecommons.org/licenses/by-nc/4.0/legalcode","WGS84","3001313800",NA,NA,NA,NA,NA
"ef6e0754-8bf2-4854-9aa3-3a2a1a90810b","HUMAN_OBSERVATION","PRESENT","Orientocoluber spinalis",37.859525,127.981217,"ASIA",NA,2003,4,8,"cdc,cdround,gass84",NA,"http://creativecommons.org/licenses/by-nc/4.0/legalcode","WGS84","3001320360",NA,NA,NA,NA,NA
"ef6e0754-8bf2-4854-9aa3-3a2a1a90810b","HUMAN_OBSERVATION","PRESENT","Orientocoluber spinalis",33.290797,126.51606,"ASIA",NA,2003,4,5,"cdc,cdround,gass84",NA,"http://creativecommons.org/licenses/by-nc/4.0/legalcode","WGS84","3001314780",NA,NA,NA,NA,NA
"ef6e0754-8bf2-4854-9aa3-3a2a1a90810b","HUMAN_OBSERVATION","PRESENT","Orientocoluber spinalis",34.69241,126.540711,"ASIA",NA,2003,5,29,"cdc,cdround,gass84",NA,"http://creativecommons.org/licenses/by-nc/4.0/legalcode","WGS84","3001829544",NA,NA,NA,NA,NA
"ef6e0754-8bf2-4854-9aa3-3a2a1a90810b","HUMAN_OBSERVATION","PRESENT","Orientocoluber spinalis",38.160435,128.373408,"ASIA",NA,2002,3,16,"cdc,cdround,gass84",NA,"http://creativecommons.org/licenses/by-nc/4.0/legalcode","WGS84","3001835554",NA,NA,NA,NA,NA
"ef6e0754-8bf2-4854-9aa3-3a2a1a90810b","HUMAN_OBSERVATION","PRESENT","Orientocoluber spinalis",38.27234,128.4832,"ASIA",NA,2002,3,9,"cdc,cdround,gass84",NA,"http://creativecommons.org/licenses/by-nc/4.0/legalcode","WGS84","3001322457",NA,NA,NA,NA,NA
"ef6e0754-8bf2-4854-9aa3-3a2a1a90810b","HUMAN_OBSERVATION","PRESENT","Orientocoluber spinalis",35.326844,129.036518,"ASIA",NA,2002,4,1,"cdc,cdround,gass84",NA,"http://creativecommons.org/licenses/by-nc/4.0/legalcode","WGS84","3001322766",NA,NA,NA,NA,NA
"ef6e0754-8bf2-4854-9aa3-3a2a1a90810b","HUMAN_OBSERVATION","PRESENT","Orientocoluber spinalis",35.23186,127.792175,"ASIA",NA,2002,5,23,"cdc,cdround,gass84",NA,"http://creativecommons.org/licenses/by-nc/4.0/legalcode","WGS84","3001313651",NA,NA,NA,NA,NA
"ef6e0754-8bf2-4854-9aa3-3a2a1a90810b","HUMAN_OBSERVATION","PRESENT","Orientocoluber spinalis",37.642222,128.033895,"ASIA",NA,2002,7,3,"cdc,cdround,gass84",NA,"http://creativecommons.org/licenses/by-nc/4.0/legalcode","WGS84","3001317508",NA,NA,NA,NA,NA
"ef6e0754-8bf2-4854-9aa3-3a2a1a90810b","HUMAN_OBSERVATION","PRESENT","Orientocoluber spinalis",37.651301,126.98215,"ASIA",NA,2001,3,22,"cdc,cdround,gass84",NA,"http://creativecommons.org/licenses/by-nc/4.0/legalcode","WGS84","3001314411",NA,NA,NA,NA,NA
"ef6e0754-8bf2-4854-9aa3-3a2a1a90810b","HUMAN_OBSERVATION","PRESENT","Orientocoluber spinalis",36.85555,129.154247,"ASIA",NA,2001,3,16,"cdc,cdround,gass84",NA,"http://creativecommons.org/licenses/by-nc/4.0/legalcode","WGS84","3001314509",NA,NA,NA,NA,NA
"ef6e0754-8bf2-4854-9aa3-3a2a1a90810b","HUMAN_OBSERVATION","PRESENT","Orientocoluber spinalis",36.929479,129.30165,"ASIA",NA,2001,3,16,"cdc,cdround,gass84",NA,"http://creativecommons.org/licenses/by-nc/4.0/legalcode","WGS84","3001844539",NA,NA,NA,NA,NA
"ef6e0754-8bf2-4854-9aa3-3a2a1a90810b","HUMAN_OBSERVATION","PRESENT","Orientocoluber spinalis",36.894888,129.193798,"ASIA",NA,2001,3,16,"cdc,cdround,gass84",NA,"http://creativecommons.org/licenses/by-nc/4.0/legalcode","WGS84","3001798485",NA,NA,NA,NA,NA
"ef6e0754-8bf2-4854-9aa3-3a2a1a90810b","HUMAN_OBSERVATION","PRESENT","Orientocoluber spinalis",35.666683,126.610865,"ASIA",NA,2001,3,19,"cdc,cdround,gass84",NA,"http://creativecommons.org/licenses/by-nc/4.0/legalcode","WGS84","3001322578",NA,NA,NA,NA,NA
"ef6e0754-8bf2-4854-9aa3-3a2a1a90810b","HUMAN_OBSERVATION","PRESENT","Orientocoluber spinalis",35.981465,127.405212,"ASIA",NA,2001,3,24,"cdc,cdround,gass84",NA,"http://creativecommons.org/licenses/by-nc/4.0/legalcode","WGS84","3001314609",NA,NA,NA,NA,NA
"ef6e0754-8bf2-4854-9aa3-3a2a1a90810b","HUMAN_OBSERVATION","PRESENT","Orientocoluber spinalis",35.971517,127.504901,"ASIA",NA,2001,3,27,"cdc,cdround,gass84",NA,"http://creativecommons.org/licenses/by-nc/4.0/legalcode","WGS84","3001793637",NA,NA,NA,NA,NA
"ef6e0754-8bf2-4854-9aa3-3a2a1a90810b","HUMAN_OBSERVATION","PRESENT","Orientocoluber spinalis",37.376586,128.270068,"ASIA",NA,2001,4,21,"cdc,cdround,gass84",NA,"http://creativecommons.org/licenses/by-nc/4.0/legalcode","WGS84","3001844447",NA,NA,NA,NA,NA
"ef6e0754-8bf2-4854-9aa3-3a2a1a90810b","HUMAN_OBSERVATION","PRESENT","Orientocoluber spinalis",37.339023,128.308492,"ASIA",NA,2001,4,21,"cdc,cdround,gass84",NA,"http://creativecommons.org/licenses/by-nc/4.0/legalcode","WGS84","3001309366",NA,NA,NA,NA,NA
"ef6e0754-8bf2-4854-9aa3-3a2a1a90810b","HUMAN_OBSERVATION","PRESENT","Orientocoluber spinalis",37.906937,127.476003,"ASIA",NA,2001,4,25,"cdc,cdround,gass84",NA,"http://creativecommons.org/licenses/by-nc/4.0/legalcode","WGS84","3001798399",NA,NA,NA,NA,NA
"ef6e0754-8bf2-4854-9aa3-3a2a1a90810b","HUMAN_OBSERVATION","PRESENT","Orientocoluber spinalis",37.885916,127.368542,"ASIA",NA,2001,4,25,"cdc,cdround,gass84",NA,"http://creativecommons.org/licenses/by-nc/4.0/legalcode","WGS84","3001320365",NA,NA,NA,NA,NA
"ef6e0754-8bf2-4854-9aa3-3a2a1a90810b","HUMAN_OBSERVATION","PRESENT","Orientocoluber spinalis",37.764659,127.399552,"ASIA",NA,2001,4,25,"cdc,cdround,gass84",NA,"http://creativecommons.org/licenses/by-nc/4.0/legalcode","WGS84","3001787482",NA,NA,NA,NA,NA
"ef6e0754-8bf2-4854-9aa3-3a2a1a90810b","HUMAN_OBSERVATION","PRESENT","Orientocoluber spinalis",37.749388,127.421634,"ASIA",NA,2001,4,25,"cdc,cdround,gass84",NA,"http://creativecommons.org/licenses/by-nc/4.0/legalcode","WGS84","3001849442",NA,NA,NA,NA,NA
"ef6e0754-8bf2-4854-9aa3-3a2a1a90810b","HUMAN_OBSERVATION","PRESENT","Orientocoluber spinalis",37.263066,128.476328,"ASIA",NA,2001,4,21,"cdc,cdround,gass84",NA,"http://creativecommons.org/licenses/by-nc/4.0/legalcode","WGS84","3001834453",NA,NA,NA,NA,NA
"ef6e0754-8bf2-4854-9aa3-3a2a1a90810b","HUMAN_OBSERVATION","PRESENT","Orientocoluber spinalis",36.055012,128.483932,"ASIA",NA,2001,4,1,"cdc,cdround,gass84",NA,"http://creativecommons.org/licenses/by-nc/4.0/legalcode","WGS84","3001849501",NA,NA,NA,NA,NA
"ef6e0754-8bf2-4854-9aa3-3a2a1a90810b","HUMAN_OBSERVATION","PRESENT","Orientocoluber spinalis",35.977321,128.107546,"ASIA",NA,2001,4,1,"cdc,cdround,gass84",NA,"http://creativecommons.org/licenses/by-nc/4.0/legalcode","WGS84","3001829563",NA,NA,NA,NA,NA
"ef6e0754-8bf2-4854-9aa3-3a2a1a90810b","HUMAN_OBSERVATION","PRESENT","Orientocoluber spinalis",35.947968,128.096998,"ASIA",NA,2001,4,1,"cdc,cdround,gass84",NA,"http://creativecommons.org/licenses/by-nc/4.0/legalcode","WGS84","3001315566",NA,NA,NA,NA,NA
"ef6e0754-8bf2-4854-9aa3-3a2a1a90810b","HUMAN_OBSERVATION","PRESENT","Orientocoluber spinalis",35.746989,129.208786,"ASIA",NA,2001,4,1,"cdc,cdround,gass84",NA,"http://creativecommons.org/licenses/by-nc/4.0/legalcode","WGS84","3001844706",NA,NA,NA,NA,NA
"ef6e0754-8bf2-4854-9aa3-3a2a1a90810b","HUMAN_OBSERVATION","PRESENT","Orientocoluber spinalis",35.743729,129.23418,"ASIA",NA,2001,4,1,"cdc,cdround,gass84",NA,"http://creativecommons.org/licenses/by-nc/4.0/legalcode","WGS84","3001320622",NA,NA,NA,NA,NA
"ef6e0754-8bf2-4854-9aa3-3a2a1a90810b","HUMAN_OBSERVATION","PRESENT","Orientocoluber spinalis",35.738243,129.112497,"ASIA",NA,2001,4,1,"cdc,cdround,gass84",NA,"http://creativecommons.org/licenses/by-nc/4.0/legalcode","WGS84","3001820772",NA,NA,NA,NA,NA
"ef6e0754-8bf2-4854-9aa3-3a2a1a90810b","HUMAN_OBSERVATION","PRESENT","Orientocoluber spinalis",35.718576,129.028077,"ASIA",NA,2001,4,1,"cdc,cdround,gass84",NA,"http://creativecommons.org/licenses/by-nc/4.0/legalcode","WGS84","3001315657",NA,NA,NA,NA,NA
"ef6e0754-8bf2-4854-9aa3-3a2a1a90810b","HUMAN_OBSERVATION","PRESENT","Orientocoluber spinalis",36.342537,127.20695,"ASIA",NA,2000,3,28,"cdc,cdround,gass84",NA,"http://creativecommons.org/licenses/by-nc/4.0/legalcode","WGS84","3001314424",NA,NA,NA,NA,NA
"ef6e0754-8bf2-4854-9aa3-3a2a1a90810b","HUMAN_OBSERVATION","PRESENT","Orientocoluber spinalis",37.534603,128.760675,"ASIA",NA,2000,3,1,"cdc,cdround,gass84",NA,"http://creativecommons.org/licenses/by-nc/4.0/legalcode","WGS84","3001321498",NA,NA,NA,NA,NA
"ef6e0754-8bf2-4854-9aa3-3a2a1a90810b","HUMAN_OBSERVATION","PRESENT","Orientocoluber spinalis",34.546275,126.869551,"ASIA",NA,2000,3,14,"cdc,cdround,gass84",NA,"http://creativecommons.org/licenses/by-nc/4.0/legalcode","WGS84","3001787625",NA,NA,NA,NA,NA
"ef6e0754-8bf2-4854-9aa3-3a2a1a90810b","HUMAN_OBSERVATION","PRESENT","Orientocoluber spinalis",37.078369,129.232189,"ASIA",NA,2000,4,21,"cdc,cdround,gass84",NA,"http://creativecommons.org/licenses/by-nc/4.0/legalcode","WGS84","3001320437",NA,NA,NA,NA,NA
"ef6e0754-8bf2-4854-9aa3-3a2a1a90810b","HUMAN_OBSERVATION","PRESENT","Orientocoluber spinalis",37.018798,129.160616,"ASIA",NA,2000,4,21,"cdc,cdround,gass84",NA,"http://creativecommons.org/licenses/by-nc/4.0/legalcode","WGS84","3001820576",NA,NA,NA,NA,NA
"ef6e0754-8bf2-4854-9aa3-3a2a1a90810b","HUMAN_OBSERVATION","PRESENT","Orientocoluber spinalis",36.493586,128.728616,"ASIA",NA,2000,4,1,"cdc,cdround,gass84",NA,"http://creativecommons.org/licenses/by-nc/4.0/legalcode","WGS84","3001314545",NA,NA,NA,NA,NA
"ef6e0754-8bf2-4854-9aa3-3a2a1a90810b","HUMAN_OBSERVATION","PRESENT","Orientocoluber spinalis",36.470034,128.811492,"ASIA",NA,2000,4,1,"cdc,cdround,gass84",NA,"http://creativecommons.org/licenses/by-nc/4.0/legalcode","WGS84","3001321558",NA,NA,NA,NA,NA
"ef6e0754-8bf2-4854-9aa3-3a2a1a90810b","HUMAN_OBSERVATION","PRESENT","Orientocoluber spinalis",36.473984,128.83056,"ASIA",NA,2000,4,1,"cdc,cdround,gass84",NA,"http://creativecommons.org/licenses/by-nc/4.0/legalcode","WGS84","3001837628",NA,NA,NA,NA,NA
"ef6e0754-8bf2-4854-9aa3-3a2a1a90810b","HUMAN_OBSERVATION","PRESENT","Orientocoluber spinalis",36.367347,128.899094,"ASIA",NA,2000,4,1,"cdc,cdround,gass84",NA,"http://creativecommons.org/licenses/by-nc/4.0/legalcode","WGS84","3001317590",NA,NA,NA,NA,NA
"ef6e0754-8bf2-4854-9aa3-3a2a1a90810b","HUMAN_OBSERVATION","PRESENT","Orientocoluber spinalis",36.284829,128.726702,"ASIA",NA,2000,4,1,"cdc,cdround,gass84",NA,"http://creativecommons.org/licenses/by-nc/4.0/legalcode","WGS84","3001820606",NA,NA,NA,NA,NA
"ef6e0754-8bf2-4854-9aa3-3a2a1a90810b","HUMAN_OBSERVATION","PRESENT","Orientocoluber spinalis",36.238103,128.74384,"ASIA",NA,2000,4,1,"cdc,cdround,gass84",NA,"http://creativecommons.org/licenses/by-nc/4.0/legalcode","WGS84","3001313580",NA,NA,NA,NA,NA
"ef6e0754-8bf2-4854-9aa3-3a2a1a90810b","HUMAN_OBSERVATION","PRESENT","Orientocoluber spinalis",36.323792,128.864948,"ASIA",NA,2000,4,1,"cdc,cdround,gass84",NA,"http://creativecommons.org/licenses/by-nc/4.0/legalcode","WGS84","3001317596",NA,NA,NA,NA,NA
"ef6e0754-8bf2-4854-9aa3-3a2a1a90810b","HUMAN_OBSERVATION","PRESENT","Orientocoluber spinalis",36.29456,128.819217,"ASIA",NA,2000,4,1,"cdc,cdround,gass84",NA,"http://creativecommons.org/licenses/by-nc/4.0/legalcode","WGS84","3001309493",NA,NA,NA,NA,NA
"ef6e0754-8bf2-4854-9aa3-3a2a1a90810b","HUMAN_OBSERVATION","PRESENT","Orientocoluber spinalis",36.34603,128.978221,"ASIA",NA,2000,4,1,"cdc,cdround,gass84",NA,"http://creativecommons.org/licenses/by-nc/4.0/legalcode","WGS84","3001314562",NA,NA,NA,NA,NA
"ef6e0754-8bf2-4854-9aa3-3a2a1a90810b","HUMAN_OBSERVATION","PRESENT","Orientocoluber spinalis",36.304347,128.95819,"ASIA",NA,2000,4,1,"cdc,cdround,gass84",NA,"http://creativecommons.org/licenses/by-nc/4.0/legalcode","WGS84","3001315510",NA,NA,NA,NA,NA
"ef6e0754-8bf2-4854-9aa3-3a2a1a90810b","HUMAN_OBSERVATION","PRESENT","Orientocoluber spinalis",35.863166,128.073621,"ASIA",NA,2000,4,18,"cdc,cdround,gass84",NA,"http://creativecommons.org/licenses/by-nc/4.0/legalcode","WGS84","3001317654",NA,NA,NA,NA,NA
"ef6e0754-8bf2-4854-9aa3-3a2a1a90810b","HUMAN_OBSERVATION","PRESENT","Orientocoluber spinalis",35.747043,127.980438,"ASIA",NA,2000,4,24,"cdc,cdround,gass84",NA,"http://creativecommons.org/licenses/by-nc/4.0/legalcode","WGS84","3001844637",NA,NA,NA,NA,NA
"ef6e0754-8bf2-4854-9aa3-3a2a1a90810b","HUMAN_OBSERVATION","PRESENT","Orientocoluber spinalis",35.721742,128.046198,"ASIA",NA,2000,4,20,"cdc,cdround,gass84",NA,"http://creativecommons.org/licenses/by-nc/4.0/legalcode","WGS84","3001787653",NA,NA,NA,NA,NA
"ef6e0754-8bf2-4854-9aa3-3a2a1a90810b","HUMAN_OBSERVATION","PRESENT","Orientocoluber spinalis",35.717917,128.082045,"ASIA",NA,2000,4,21,"cdc,cdround,gass84",NA,"http://creativecommons.org/licenses/by-nc/4.0/legalcode","WGS84","3001320560",NA,NA,NA,NA,NA
"ef6e0754-8bf2-4854-9aa3-3a2a1a90810b","HUMAN_OBSERVATION","PRESENT","Orientocoluber spinalis",35.607175,128.099429,"ASIA",NA,2000,4,6,"cdc,cdround,gass84",NA,"http://creativecommons.org/licenses/by-nc/4.0/legalcode","WGS84","3001849619",NA,NA,NA,NA,NA
"ef6e0754-8bf2-4854-9aa3-3a2a1a90810b","HUMAN_OBSERVATION","PRESENT","Orientocoluber spinalis",35.727768,128.224434,"ASIA",NA,2000,4,25,"cdc,cdround,gass84",NA,"http://creativecommons.org/licenses/by-nc/4.0/legalcode","WGS84","3001793663",NA,NA,NA,NA,NA
"ef6e0754-8bf2-4854-9aa3-3a2a1a90810b","HUMAN_OBSERVATION","PRESENT","Orientocoluber spinalis",35.621811,128.168019,"ASIA",NA,2000,4,6,"cdc,cdround,gass84",NA,"http://creativecommons.org/licenses/by-nc/4.0/legalcode","WGS84","3001320566",NA,NA,NA,NA,NA
"ef6e0754-8bf2-4854-9aa3-3a2a1a90810b","HUMAN_OBSERVATION","PRESENT","Orientocoluber spinalis",35.640866,128.309459,"ASIA",NA,2000,4,6,"cdc,cdround,gass84",NA,"http://creativecommons.org/licenses/by-nc/4.0/legalcode","WGS84","3001844654",NA,NA,NA,NA,NA
"ef6e0754-8bf2-4854-9aa3-3a2a1a90810b","HUMAN_OBSERVATION","PRESENT","Orientocoluber spinalis",35.322367,127.248692,"ASIA",NA,1999,3,12,"cdc,cdround,gass84",NA,"http://creativecommons.org/licenses/by-nc/4.0/legalcode","WGS84","3001834563",NA,NA,NA,NA,NA
"ef6e0754-8bf2-4854-9aa3-3a2a1a90810b","HUMAN_OBSERVATION","PRESENT","Orientocoluber spinalis",34.722542,127.174916,"ASIA",NA,1999,3,9,"cdc,cdround,gass84",NA,"http://creativecommons.org/licenses/by-nc/4.0/legalcode","WGS84","3001313628",NA,NA,NA,NA,NA
"ef6e0754-8bf2-4854-9aa3-3a2a1a90810b","HUMAN_OBSERVATION","PRESENT","Orientocoluber spinalis",35.514215,127.452873,"ASIA",NA,1999,3,5,"cdc,cdround,gass84",NA,"http://creativecommons.org/licenses/by-nc/4.0/legalcode","WGS84","3001321625",NA,NA,NA,NA,NA
"ef6e0754-8bf2-4854-9aa3-3a2a1a90810b","HUMAN_OBSERVATION","PRESENT","Orientocoluber spinalis",37.055557,128.810466,"ASIA",NA,1999,4,17,"cdc,cdround,gass84",NA,"http://creativecommons.org/licenses/by-nc/4.0/legalcode","WGS84","3001829469",NA,NA,NA,NA,NA
"ef6e0754-8bf2-4854-9aa3-3a2a1a90810b","HUMAN_OBSERVATION","PRESENT","Orientocoluber spinalis",36.991695,129.014889,"ASIA",NA,1999,4,24,"cdc,cdround,gass84",NA,"http://creativecommons.org/licenses/by-nc/4.0/legalcode","WGS84","3001837606",NA,NA,NA,NA,NA
"ef6e0754-8bf2-4854-9aa3-3a2a1a90810b","HUMAN_OBSERVATION","PRESENT","Orientocoluber spinalis",36.432663,129.237607,"ASIA",NA,1999,4,16,"cdc,cdround,gass84",NA,"http://creativecommons.org/licenses/by-nc/4.0/legalcode","WGS84","3001318527",NA,NA,NA,NA,NA
"ef6e0754-8bf2-4854-9aa3-3a2a1a90810b","HUMAN_OBSERVATION","PRESENT","Orientocoluber spinalis",36.419743,129.255707,"ASIA",NA,1999,4,23,"cdc,cdround,gass84",NA,"http://creativecommons.org/licenses/by-nc/4.0/legalcode","WGS84","3001315493",NA,NA,NA,NA,NA
"ef6e0754-8bf2-4854-9aa3-3a2a1a90810b","HUMAN_OBSERVATION","PRESENT","Orientocoluber spinalis",35.14042,127.475226,"ASIA",NA,1999,4,14,"cdc,cdround,gass84",NA,"http://creativecommons.org/licenses/by-nc/4.0/legalcode","WGS84","3001820684",NA,NA,NA,NA,NA
"ef6e0754-8bf2-4854-9aa3-3a2a1a90810b","HUMAN_OBSERVATION","PRESENT","Orientocoluber spinalis",35.107355,127.58772,"ASIA",NA,1999,4,18,"cdc,cdround,gass84",NA,"http://creativecommons.org/licenses/by-nc/4.0/legalcode","WGS84","3001320563",NA,NA,NA,NA,NA
"ef6e0754-8bf2-4854-9aa3-3a2a1a90810b","HUMAN_OBSERVATION","PRESENT","Orientocoluber spinalis",35.054133,127.558344,"ASIA",NA,1999,4,17,"cdc,cdround,gass84",NA,"http://creativecommons.org/licenses/by-nc/4.0/legalcode","WGS84","3001322647",NA,NA,NA,NA,NA
"ef6e0754-8bf2-4854-9aa3-3a2a1a90810b","HUMAN_OBSERVATION","PRESENT","Orientocoluber spinalis",35.102745,127.603852,"ASIA",NA,1999,4,16,"cdc,cdround,gass84",NA,"http://creativecommons.org/licenses/by-nc/4.0/legalcode","WGS84","3001316727",NA,NA,NA,NA,NA
"ef6e0754-8bf2-4854-9aa3-3a2a1a90810b","HUMAN_OBSERVATION","PRESENT","Orientocoluber spinalis",35.040202,128.18101,"ASIA",NA,1999,4,19,"cdc,cdround,gass84",NA,"http://creativecommons.org/licenses/by-nc/4.0/legalcode","WGS84","3001820719",NA,NA,NA,NA,NA
"ef6e0754-8bf2-4854-9aa3-3a2a1a90810b","HUMAN_OBSERVATION","PRESENT","Orientocoluber spinalis",37.05084,128.982255,"ASIA",NA,1999,5,8,"cdc,cdround,gass84",NA,"http://creativecommons.org/licenses/by-nc/4.0/legalcode","WGS84","3001318349",NA,NA,NA,NA,NA
"ef6e0754-8bf2-4854-9aa3-3a2a1a90810b","HUMAN_OBSERVATION","PRESENT","Orientocoluber spinalis",37.543429,128.067589,"ASIA",NA,1999,5,20,"cdc,cdround,gass84",NA,"http://creativecommons.org/licenses/by-nc/4.0/legalcode","WGS84","3001820522",NA,NA,NA,NA,NA
"ef6e0754-8bf2-4854-9aa3-3a2a1a90810b","HUMAN_OBSERVATION","PRESENT","Orientocoluber spinalis",37.517374,128.066466,"ASIA",NA,1999,5,20,"cdc,cdround,gass84",NA,"http://creativecommons.org/licenses/by-nc/4.0/legalcode","WGS84","3001849459",NA,NA,NA,NA,NA
"ef6e0754-8bf2-4854-9aa3-3a2a1a90810b","HUMAN_OBSERVATION","PRESENT","Orientocoluber spinalis",37.441863,127.991821,"ASIA",NA,1999,5,20,"cdc,cdround,gass84",NA,"http://creativecommons.org/licenses/by-nc/4.0/legalcode","WGS84","3001820523",NA,NA,NA,NA,NA
"ef6e0754-8bf2-4854-9aa3-3a2a1a90810b","HUMAN_OBSERVATION","PRESENT","Orientocoluber spinalis",36.914655,128.457354,"ASIA",NA,1999,5,28,"cdc,cdround,gass84",NA,"http://creativecommons.org/licenses/by-nc/4.0/legalcode","WGS84","3001793517",NA,NA,NA,NA,NA
"ef6e0754-8bf2-4854-9aa3-3a2a1a90810b","HUMAN_OBSERVATION","PRESENT","Orientocoluber spinalis",36.976657,128.912879,"ASIA",NA,1999,6,5,"cdc,cdround,gass84",NA,"http://creativecommons.org/licenses/by-nc/4.0/legalcode","WGS84","3001844520",NA,NA,NA,NA,NA
"ef6e0754-8bf2-4854-9aa3-3a2a1a90810b","HUMAN_OBSERVATION","PRESENT","Orientocoluber spinalis",36.906824,128.62496,"ASIA",NA,1999,6,18,"cdc,cdround,gass84",NA,"http://creativecommons.org/licenses/by-nc/4.0/legalcode","WGS84","3001849514",NA,NA,NA,NA,NA
"ef6e0754-8bf2-4854-9aa3-3a2a1a90810b","HUMAN_OBSERVATION","PRESENT","Orientocoluber spinalis",37.200375,128.258327,"ASIA",NA,1999,9,10,"cdc,cdround,gass84",NA,"http://creativecommons.org/licenses/by-nc/4.0/legalcode","WGS84","3001787529",NA,NA,NA,NA,NA
"ef6e0754-8bf2-4854-9aa3-3a2a1a90810b","HUMAN_OBSERVATION","PRESENT","Orientocoluber spinalis",37.243324,128.271417,"ASIA",NA,1999,9,10,"cdc,cdround,gass84",NA,"http://creativecommons.org/licenses/by-nc/4.0/legalcode","WGS84","3001793531",NA,NA,NA,NA,NA
"ef6e0754-8bf2-4854-9aa3-3a2a1a90810b","HUMAN_OBSERVATION","PRESENT","Orientocoluber spinalis",38.474491,128.363562,"ASIA",NA,1998,4,23,"cdc,cdround,gass84",NA,"http://creativecommons.org/licenses/by-nc/4.0/legalcode","WGS84","3001321417",NA,NA,NA,NA,NA
"ef6e0754-8bf2-4854-9aa3-3a2a1a90810b","HUMAN_OBSERVATION","PRESENT","Orientocoluber spinalis",37.940041,127.584813,"ASIA",NA,1998,4,4,"cdc,cdround,gass84",NA,"http://creativecommons.org/licenses/by-nc/4.0/legalcode","WGS84","3001837526",NA,NA,NA,NA,NA
"ef6e0754-8bf2-4854-9aa3-3a2a1a90810b","HUMAN_OBSERVATION","PRESENT","Orientocoluber spinalis",38.291866,128.234874,"ASIA",NA,1998,4,16,"cdc,cdround,gass84",NA,"http://creativecommons.org/licenses/by-nc/4.0/legalcode","WGS84","3001321454",NA,NA,NA,NA,NA
"ef6e0754-8bf2-4854-9aa3-3a2a1a90810b","HUMAN_OBSERVATION","PRESENT","Orientocoluber spinalis",37.715309,127.624441,"ASIA",NA,1998,4,11,"cdc,cdround,gass84",NA,"http://creativecommons.org/licenses/by-nc/4.0/legalcode","WGS84","3001316538",NA,NA,NA,NA,NA
"ef6e0754-8bf2-4854-9aa3-3a2a1a90810b","HUMAN_OBSERVATION","PRESENT","Orientocoluber spinalis",37.566937,127.621783,"ASIA",NA,1998,4,11,"cdc,cdround,gass84",NA,"http://creativecommons.org/licenses/by-nc/4.0/legalcode","WGS84","3001315410",NA,NA,NA,NA,NA
"ef6e0754-8bf2-4854-9aa3-3a2a1a90810b","HUMAN_OBSERVATION","PRESENT","Orientocoluber spinalis",37.606254,127.748389,"ASIA",NA,1998,4,11,"cdc,cdround,gass84",NA,"http://creativecommons.org/licenses/by-nc/4.0/legalcode","WGS84","3001321469",NA,NA,NA,NA,NA
"ef6e0754-8bf2-4854-9aa3-3a2a1a90810b","HUMAN_OBSERVATION","PRESENT","Orientocoluber spinalis",37.489808,128.372084,"ASIA",NA,1998,4,1,"cdc,cdround,gass84",NA,"http://creativecommons.org/licenses/by-nc/4.0/legalcode","WGS84","3001316543",NA,NA,NA,NA,NA
"ef6e0754-8bf2-4854-9aa3-3a2a1a90810b","HUMAN_OBSERVATION","PRESENT","Orientocoluber spinalis",37.714794,128.121021,"ASIA",NA,1998,4,1,"cdc,cdround,gass84",NA,"http://creativecommons.org/licenses/by-nc/4.0/legalcode","WGS84","3001844480",NA,NA,NA,NA,NA
"ef6e0754-8bf2-4854-9aa3-3a2a1a90810b","HUMAN_OBSERVATION","PRESENT","Orientocoluber spinalis",37.586737,128.122198,"ASIA",NA,1998,4,1,"cdc,cdround,gass84",NA,"http://creativecommons.org/licenses/by-nc/4.0/legalcode","WGS84","3001837551",NA,NA,NA,NA,NA
"ef6e0754-8bf2-4854-9aa3-3a2a1a90810b","HUMAN_OBSERVATION","PRESENT","Orientocoluber spinalis",37.606379,128.246014,"ASIA",NA,1998,4,1,"cdc,cdround,gass84",NA,"http://creativecommons.org/licenses/by-nc/4.0/legalcode","WGS84","3001314473",NA,NA,NA,NA,NA
"ef6e0754-8bf2-4854-9aa3-3a2a1a90810b","HUMAN_OBSERVATION","PRESENT","Orientocoluber spinalis",37.647679,128.369378,"ASIA",NA,1998,4,1,"cdc,cdround,gass84",NA,"http://creativecommons.org/licenses/by-nc/4.0/legalcode","WGS84","3001318461",NA,NA,NA,NA,NA
"ef6e0754-8bf2-4854-9aa3-3a2a1a90810b","HUMAN_OBSERVATION","PRESENT","Orientocoluber spinalis",36.159359,128.596436,"ASIA",NA,1998,4,13,"cdc,cdround,gass84",NA,"http://creativecommons.org/licenses/by-nc/4.0/legalcode","WGS84","3001315509",NA,NA,NA,NA,NA
"ef6e0754-8bf2-4854-9aa3-3a2a1a90810b","HUMAN_OBSERVATION","PRESENT","Orientocoluber spinalis",35.281141,126.634552,"ASIA",NA,1998,4,17,"cdc,cdround,gass84",NA,"http://creativecommons.org/licenses/by-nc/4.0/legalcode","WGS84","3001835682",NA,NA,NA,NA,NA
"ef6e0754-8bf2-4854-9aa3-3a2a1a90810b","HUMAN_OBSERVATION","PRESENT","Orientocoluber spinalis",35.598339,127.912939,"ASIA",NA,1998,4,11,"cdc,cdround,gass84",NA,"http://creativecommons.org/licenses/by-nc/4.0/legalcode","WGS84","3001309545",NA,NA,NA,NA,NA
"ef6e0754-8bf2-4854-9aa3-3a2a1a90810b","HUMAN_OBSERVATION","PRESENT","Orientocoluber spinalis",35.481668,127.894834,"ASIA",NA,1998,4,14,"cdc,cdround,gass84",NA,"http://creativecommons.org/licenses/by-nc/4.0/legalcode","WGS84","3001844631",NA,NA,NA,NA,NA
"ef6e0754-8bf2-4854-9aa3-3a2a1a90810b","HUMAN_OBSERVATION","PRESENT","Orientocoluber spinalis",35.442816,127.943781,"ASIA",NA,1998,4,14,"cdc,cdround,gass84",NA,"http://creativecommons.org/licenses/by-nc/4.0/legalcode","WGS84","3001309555",NA,NA,NA,NA,NA
"ef6e0754-8bf2-4854-9aa3-3a2a1a90810b","HUMAN_OBSERVATION","PRESENT","Orientocoluber spinalis",35.478483,128.723954,"ASIA",NA,1998,4,10,"cdc,cdround,gass84",NA,"http://creativecommons.org/licenses/by-nc/4.0/legalcode","WGS84","3001798672",NA,NA,NA,NA,NA
"ef6e0754-8bf2-4854-9aa3-3a2a1a90810b","HUMAN_OBSERVATION","PRESENT","Orientocoluber spinalis",34.434525,126.3405,"ASIA",NA,1998,5,4,"cdc,cdround,gass84",NA,"http://creativecommons.org/licenses/by-nc/4.0/legalcode","WGS84","3001316683",NA,NA,NA,NA,NA
"ef6e0754-8bf2-4854-9aa3-3a2a1a90810b","HUMAN_OBSERVATION","PRESENT","Orientocoluber spinalis",34.90303,127.419449,"ASIA",NA,1998,5,2,"cdc,cdround,gass84",NA,"http://creativecommons.org/licenses/by-nc/4.0/legalcode","WGS84","3001316728",NA,NA,NA,NA,NA
"ef6e0754-8bf2-4854-9aa3-3a2a1a90810b","HUMAN_OBSERVATION","PRESENT","Orientocoluber spinalis",35.640334,128.706855,"ASIA",NA,1998,5,22,"cdc,cdround,gass84",NA,"http://creativecommons.org/licenses/by-nc/4.0/legalcode","WGS84","3001835812",NA,NA,NA,NA,NA
"ef6e0754-8bf2-4854-9aa3-3a2a1a90810b","HUMAN_OBSERVATION","PRESENT","Orientocoluber spinalis",35.556195,128.7088,"ASIA",NA,1998,5,22,"cdc,cdround,gass84",NA,"http://creativecommons.org/licenses/by-nc/4.0/legalcode","WGS84","3001820763",NA,NA,NA,NA,NA
"ef6e0754-8bf2-4854-9aa3-3a2a1a90810b","HUMAN_OBSERVATION","PRESENT","Orientocoluber spinalis",37.868954,128.662354,"ASIA",NA,1998,6,16,"cdc,cdround,gass84",NA,"http://creativecommons.org/licenses/by-nc/4.0/legalcode","WGS84","3001793505",NA,NA,NA,NA,NA
"ef6e0754-8bf2-4854-9aa3-3a2a1a90810b","HUMAN_OBSERVATION","PRESENT","Orientocoluber spinalis",37.870993,128.66975,"ASIA",NA,1998,6,16,"cdc,cdround,gass84",NA,"http://creativecommons.org/licenses/by-nc/4.0/legalcode","WGS84","3001820530",NA,NA,NA,NA,NA
"ef6e0754-8bf2-4854-9aa3-3a2a1a90810b","HUMAN_OBSERVATION","PRESENT","Orientocoluber spinalis",37.869703,128.679291,"ASIA",NA,1998,6,16,"cdc,cdround,gass84",NA,"http://creativecommons.org/licenses/by-nc/4.0/legalcode","WGS84","3001835582",NA,NA,NA,NA,NA
"ef6e0754-8bf2-4854-9aa3-3a2a1a90810b","HUMAN_OBSERVATION","PRESENT","Orientocoluber spinalis",37.871593,128.708459,"ASIA",NA,1998,6,16,"cdc,cdround,gass84",NA,"http://creativecommons.org/licenses/by-nc/4.0/legalcode","WGS84","3001315433",NA,NA,NA,NA,NA
"ef6e0754-8bf2-4854-9aa3-3a2a1a90810b","HUMAN_OBSERVATION","PRESENT","Orientocoluber spinalis",37.867084,128.731099,"ASIA",NA,1998,6,16,"cdc,cdround,gass84",NA,"http://creativecommons.org/licenses/by-nc/4.0/legalcode","WGS84","3001820531",NA,NA,NA,NA,NA
"ef6e0754-8bf2-4854-9aa3-3a2a1a90810b","HUMAN_OBSERVATION","PRESENT","Orientocoluber spinalis",37.319842,128.606447,"ASIA",NA,1998,6,6,"cdc,cdround,gass84",NA,"http://creativecommons.org/licenses/by-nc/4.0/legalcode","WGS84","3001793512",NA,NA,NA,NA,NA
"ef6e0754-8bf2-4854-9aa3-3a2a1a90810b","HUMAN_OBSERVATION","PRESENT","Orientocoluber spinalis",36.992853,128.841591,"ASIA",NA,1998,6,19,"cdc,cdround,gass84",NA,"http://creativecommons.org/licenses/by-nc/4.0/legalcode","WGS84","3001798481",NA,NA,NA,NA,NA
"ef6e0754-8bf2-4854-9aa3-3a2a1a90810b","HUMAN_OBSERVATION","PRESENT","Orientocoluber spinalis",35.25506,128.928897,"ASIA",NA,1998,6,18,"cdc,cdround,gass84",NA,"http://creativecommons.org/licenses/by-nc/4.0/legalcode","WGS84","3001321769",NA,NA,NA,NA,NA
"ef6e0754-8bf2-4854-9aa3-3a2a1a90810b","HUMAN_OBSERVATION","PRESENT","Orientocoluber spinalis",34.895023,127.310653,"ASIA",NA,1998,7,5,"cdc,cdround,gass84",NA,"http://creativecommons.org/licenses/by-nc/4.0/legalcode","WGS84","3001820649",NA,NA,NA,NA,NA
"ef6e0754-8bf2-4854-9aa3-3a2a1a90810b","HUMAN_OBSERVATION","PRESENT","Orientocoluber spinalis",37.722918,128.67029,"ASIA",NA,1998,8,10,"cdc,cdround,gass84",NA,"http://creativecommons.org/licenses/by-nc/4.0/legalcode","WGS84","3001787510",NA,NA,NA,NA,NA
"ef6e0754-8bf2-4854-9aa3-3a2a1a90810b","HUMAN_OBSERVATION","PRESENT","Orientocoluber spinalis",37.956335,128.687068,"ASIA",NA,1998,9,7,"cdc,cdround,gass84",NA,"http://creativecommons.org/licenses/by-nc/4.0/legalcode","WGS84","3001321492",NA,NA,NA,NA,NA
"ef6e0754-8bf2-4854-9aa3-3a2a1a90810b","HUMAN_OBSERVATION","PRESENT","Orientocoluber spinalis",38.082283,128.319998,"ASIA",NA,1997,5,19,"cdc,cdround,gass84",NA,"http://creativecommons.org/licenses/by-nc/4.0/legalcode","WGS84","3001322442",NA,NA,NA,NA,NA
"ef6e0754-8bf2-4854-9aa3-3a2a1a90810b","HUMAN_OBSERVATION","PRESENT","Orientocoluber spinalis",38.072358,128.368468,"ASIA",NA,1997,5,19,"cdc,cdround,gass84",NA,"http://creativecommons.org/licenses/by-nc/4.0/legalcode","WGS84","3001314451",NA,NA,NA,NA,NA
"ef6e0754-8bf2-4854-9aa3-3a2a1a90810b","HUMAN_OBSERVATION","PRESENT","Orientocoluber spinalis",35.516463,126.60304,"ASIA",NA,1997,6,10,"cdc,cdround,gass84",NA,"http://creativecommons.org/licenses/by-nc/4.0/legalcode","WGS84","3001787598",NA,NA,NA,NA,NA
"ef6e0754-8bf2-4854-9aa3-3a2a1a90810b","HUMAN_OBSERVATION","PRESENT","Orientocoluber spinalis",35.306812,126.711168,"ASIA",NA,1997,6,10,"cdc,cdround,gass84",NA,"http://creativecommons.org/licenses/by-nc/4.0/legalcode","WGS84","3001315525",NA,NA,NA,NA,NA
"ef6e0754-8bf2-4854-9aa3-3a2a1a90810b","HUMAN_OBSERVATION","PRESENT","Orientocoluber spinalis",35.463002,126.782099,"ASIA",NA,1997,6,10,"cdc,cdround,gass84",NA,"http://creativecommons.org/licenses/by-nc/4.0/legalcode","WGS84","3001322587",NA,NA,NA,NA,NA
"ef6e0754-8bf2-4854-9aa3-3a2a1a90810b","HUMAN_OBSERVATION","PRESENT","Orientocoluber spinalis",36.812252,128.883632,"ASIA",NA,1997,8,14,"cdc,cdround,gass84",NA,"http://creativecommons.org/licenses/by-nc/4.0/legalcode","WGS84","3001320426",NA,NA,NA,NA,NA
"ef6e0754-8bf2-4854-9aa3-3a2a1a90810b","HUMAN_OBSERVATION","PRESENT","Orientocoluber spinalis",36.86759,129.000005,"ASIA",NA,1997,8,14,"cdc,cdround,gass84",NA,"http://creativecommons.org/licenses/by-nc/4.0/legalcode","WGS84","3001829453",NA,NA,NA,NA,NA
"ef6e0754-8bf2-4854-9aa3-3a2a1a90810b","HUMAN_OBSERVATION","PRESENT","Orientocoluber spinalis",36.729826,128.930567,"ASIA",NA,1997,8,14,"cdc,cdround,gass84",NA,"http://creativecommons.org/licenses/by-nc/4.0/legalcode","WGS84","3001309470",NA,NA,NA,NA,NA
"ef6e0754-8bf2-4854-9aa3-3a2a1a90810b","HUMAN_OBSERVATION","PRESENT","Orientocoluber spinalis",36.790013,128.963454,"ASIA",NA,1997,8,14,"cdc,cdround,gass84",NA,"http://creativecommons.org/licenses/by-nc/4.0/legalcode","WGS84","3001321545",NA,NA,NA,NA,NA
"ef6e0754-8bf2-4854-9aa3-3a2a1a90810b","HUMAN_OBSERVATION","PRESENT","Orientocoluber spinalis",36.714375,128.928621,"ASIA",NA,1997,8,14,"cdc,cdround,gass84",NA,"http://creativecommons.org/licenses/by-nc/4.0/legalcode","WGS84","3001309471",NA,NA,NA,NA,NA
"ef6e0754-8bf2-4854-9aa3-3a2a1a90810b","HUMAN_OBSERVATION","PRESENT","Orientocoluber spinalis",36.765397,129.055963,"ASIA",NA,1997,8,14,"cdc,cdround,gass84",NA,"http://creativecommons.org/licenses/by-nc/4.0/legalcode","WGS84","3001834513",NA,NA,NA,NA,NA
"ef6e0754-8bf2-4854-9aa3-3a2a1a90810b","HUMAN_OBSERVATION","PRESENT","Orientocoluber spinalis",36.757583,129.105084,"ASIA",NA,1997,8,14,"cdc,cdround,gass84",NA,"http://creativecommons.org/licenses/by-nc/4.0/legalcode","WGS84","3001315486",NA,NA,NA,NA,NA
"ef6e0754-8bf2-4854-9aa3-3a2a1a90810b","HUMAN_OBSERVATION","PRESENT","Orientocoluber spinalis",36.602175,128.98716,"ASIA",NA,1997,8,14,"cdc,cdround,gass84",NA,"http://creativecommons.org/licenses/by-nc/4.0/legalcode","WGS84","3001309485",NA,NA,NA,NA,NA
"ef6e0754-8bf2-4854-9aa3-3a2a1a90810b","HUMAN_OBSERVATION","PRESENT","Orientocoluber spinalis",36.596233,129.012416,"ASIA",NA,1997,8,14,"cdc,cdround,gass84",NA,"http://creativecommons.org/licenses/by-nc/4.0/legalcode","WGS84","3001316634",NA,NA,NA,NA,NA
"ef6e0754-8bf2-4854-9aa3-3a2a1a90810b","HUMAN_OBSERVATION","PRESENT","Orientocoluber spinalis",36.529486,128.920126,"ASIA",NA,1997,8,14,"cdc,cdround,gass84",NA,"http://creativecommons.org/licenses/by-nc/4.0/legalcode","WGS84","3001837629",NA,NA,NA,NA,NA
"ef6e0754-8bf2-4854-9aa3-3a2a1a90810b","HUMAN_OBSERVATION","PRESENT","Orientocoluber spinalis",36.619138,129.045389,"ASIA",NA,1997,8,14,"cdc,cdround,gass84",NA,"http://creativecommons.org/licenses/by-nc/4.0/legalcode","WGS84","3001318537",NA,NA,NA,NA,NA
"ef6e0754-8bf2-4854-9aa3-3a2a1a90810b","HUMAN_OBSERVATION","PRESENT","Orientocoluber spinalis",34.981736,126.145549,"ASIA",NA,1997,9,27,"cdc,cdround,gass84",NA,"http://creativecommons.org/licenses/by-nc/4.0/legalcode","WGS84","3001835673",NA,NA,NA,NA,NA
"ef6e0754-8bf2-4854-9aa3-3a2a1a90810b","HUMAN_OBSERVATION","PRESENT","Orientocoluber spinalis",35.638252,128.72907,"ASIA",NA,1997,9,5,"cdc,cdround,gass84",NA,"http://creativecommons.org/licenses/by-nc/4.0/legalcode","WGS84","3001787726",NA,NA,NA,NA,NA
"78f98484-a7ef-4e6c-8b51-7464f1209591","PRESERVED_SPECIMEN","PRESENT","Orientocoluber spinalis",35.52287,129.40143,"ASIA","Ulsan",1953,10,26,"cdc,mdativ,colmafu,inmafu","https://csvcoll.org/portal/collections/individual/index.php?occid=7651","http://creativecommons.org/publicdomain/zero/1.0/legalcode","WGS84","2816185603","ASUHEC003552","CHUNG NI","Dong-gu",NA,NA
"cece4fc2-1fec-4bb5-a335-7252548e3f0b","PRESERVED_SPECIMEN","PRESENT","Orientocoluber spinalis",37.832622,126.817486,"ASIA","Gyeonggi Prov.",1952,4,24,"cdround",NA,"http://creativecommons.org/publicdomain/zero/1.0/legalcode","WGS84","543677763","86928","3 mi SE of Munsan-ni, near village of P'Aiu-ri, about 30 mi N of Seoul",NA,121.92,"Alcohol"
"cece4fc2-1fec-4bb5-a335-7252548e3f0b","PRESERVED_SPECIMEN","PRESENT","Orientocoluber spinalis",37.823853,126.826786,"ASIA","Gyeonggi Prov.",1952,5,17,"cdround",NA,"http://creativecommons.org/publicdomain/zero/1.0/legalcode","WGS84","543677764","86929","3 mi SE of Munsan-ni, near village of P'Aiu-ri, about 30 mi N of Seoul",NA,61,"Alcohol"
"cece4fc2-1fec-4bb5-a335-7252548e3f0b","PRESERVED_SPECIMEN","PRESENT","Orientocoluber spinalis",36.9,127.166667,"ASIA","South Chungcheong Prov.",1911,6,16,"cdround,gass84",NA,"http://creativecommons.org/publicdomain/zero/1.0/legalcode","WGS84","543616210","31529","Chiksan [36 54 N, 127 10 E]",NA,NA,"Alcohol"
"ef6e0754-8bf2-4854-9aa3-3a2a1a90810b","HUMAN_OBSERVATION","PRESENT","Orientocoluber spinalis",36.730289,128.61152,"ASIA",NA,NA,NA,NA,"cdc,cdround,gass84,rdativ",NA,"http://creativecommons.org/licenses/by-nc/4.0/legalcode","WGS84","3001787806",NA,NA,NA,NA,NA
"ef6e0754-8bf2-4854-9aa3-3a2a1a90810b","HUMAN_OBSERVATION","PRESENT","Orientocoluber spinalis",36.863367,128.514721,"ASIA",NA,NA,NA,NA,"cdc,cdround,gass84,rdativ",NA,"http://creativecommons.org/licenses/by-nc/4.0/legalcode","WGS84","3001316872",NA,NA,NA,NA,NA
"ef6e0754-8bf2-4854-9aa3-3a2a1a90810b","HUMAN_OBSERVATION","PRESENT","Orientocoluber spinalis",36.857613,128.574851,"ASIA",NA,NA,NA,NA,"cdc,cdround,gass84,rdativ",NA,"http://creativecommons.org/licenses/by-nc/4.0/legalcode","WGS84","3001793809",NA,NA,NA,NA,NA
"ef6e0754-8bf2-4854-9aa3-3a2a1a90810b","HUMAN_OBSERVATION","PRESENT","Orientocoluber spinalis",36.723903,128.468385,"ASIA",NA,NA,NA,NA,"cdc,cdround,gass84,rdativ",NA,"http://creativecommons.org/licenses/by-nc/4.0/legalcode","WGS84","3001820840",NA,NA,NA,NA,NA
"ef6e0754-8bf2-4854-9aa3-3a2a1a90810b","HUMAN_OBSERVATION","PRESENT","Orientocoluber spinalis",36.641306,128.44103,"ASIA",NA,NA,NA,NA,"cdc,cdround,gass84,rdativ",NA,"http://creativecommons.org/licenses/by-nc/4.0/legalcode","WGS84","3001315731",NA,NA,NA,NA,NA
"ef6e0754-8bf2-4854-9aa3-3a2a1a90810b","HUMAN_OBSERVATION","PRESENT","Orientocoluber spinalis",36.853883,128.478447,"ASIA",NA,NA,NA,NA,"cdc,cdround,gass84,rdativ",NA,"http://creativecommons.org/licenses/by-nc/4.0/legalcode","WGS84","3001318781",NA,NA,NA,NA,NA
"ef6e0754-8bf2-4854-9aa3-3a2a1a90810b","HUMAN_OBSERVATION","PRESENT","Orientocoluber spinalis",36.849207,128.486257,"ASIA",NA,NA,NA,NA,"cdc,cdround,gass84,rdativ",NA,"http://creativecommons.org/licenses/by-nc/4.0/legalcode","WGS84","3001793811",NA,NA,NA,NA,NA
"ef6e0754-8bf2-4854-9aa3-3a2a1a90810b","HUMAN_OBSERVATION","PRESENT","Orientocoluber spinalis",36.764833,128.451508,"ASIA",NA,NA,NA,NA,"cdc,cdround,gass84,rdativ",NA,"http://creativecommons.org/licenses/by-nc/4.0/legalcode","WGS84","3001315732",NA,NA,NA,NA,NA
"ef6e0754-8bf2-4854-9aa3-3a2a1a90810b","HUMAN_OBSERVATION","PRESENT","Orientocoluber spinalis",36.61065,128.457078,"ASIA",NA,NA,NA,NA,"cdc,cdround,gass84,rdativ",NA,"http://creativecommons.org/licenses/by-nc/4.0/legalcode","WGS84","3001314788",NA,NA,NA,NA,NA
"ef6e0754-8bf2-4854-9aa3-3a2a1a90810b","HUMAN_OBSERVATION","PRESENT","Orientocoluber spinalis",36.945614,127.467871,"ASIA",NA,NA,NA,NA,"cdc,cdround,gass84,rdativ",NA,"http://creativecommons.org/licenses/by-nc/4.0/legalcode","WGS84","3001318783",NA,NA,NA,NA,NA
"ef6e0754-8bf2-4854-9aa3-3a2a1a90810b","HUMAN_OBSERVATION","PRESENT","Orientocoluber spinalis",36.839475,127.853456,"ASIA",NA,NA,NA,NA,"cdc,cdround,gass84,rdativ",NA,"http://creativecommons.org/licenses/by-nc/4.0/legalcode","WGS84","3001820843",NA,NA,NA,NA,NA
"ef6e0754-8bf2-4854-9aa3-3a2a1a90810b","HUMAN_OBSERVATION","PRESENT","Orientocoluber spinalis",36.897613,127.769348,"ASIA",NA,NA,NA,NA,"cdc,cdround,gass84,rdativ",NA,"http://creativecommons.org/licenses/by-nc/4.0/legalcode","WGS84","3001798755",NA,NA,NA,NA,NA
"ef6e0754-8bf2-4854-9aa3-3a2a1a90810b","HUMAN_OBSERVATION","PRESENT","Orientocoluber spinalis",36.81948,127.641411,"ASIA",NA,NA,NA,NA,"cdc,cdround,gass84,rdativ",NA,"http://creativecommons.org/licenses/by-nc/4.0/legalcode","WGS84","3001787812",NA,NA,NA,NA,NA
"ef6e0754-8bf2-4854-9aa3-3a2a1a90810b","HUMAN_OBSERVATION","PRESENT","Orientocoluber spinalis",37.051508,127.579267,"ASIA",NA,NA,NA,NA,"cdc,cdround,gass84,rdativ",NA,"http://creativecommons.org/licenses/by-nc/4.0/legalcode","WGS84","3001820846",NA,NA,NA,NA,NA
"ef6e0754-8bf2-4854-9aa3-3a2a1a90810b","HUMAN_OBSERVATION","PRESENT","Orientocoluber spinalis",37.041142,127.4772,"ASIA",NA,NA,NA,NA,"cdc,cdround,gass84,rdativ",NA,"http://creativecommons.org/licenses/by-nc/4.0/legalcode","WGS84","3001318786",NA,NA,NA,NA,NA
