"datasetKey","basisOfRecord","occurrenceStatus","species","decimalLatitude","decimalLongitude","continent","stateProvince","year","month","day","issues","references","license","geodeticDatum","gbifID","catalogNumber","locality","county"
"50c9509d-22c7-4a22-a47d-8c48425ef4a7","HUMAN_OBSERVATION","PRESENT","Pelodiscus maackii",37.469418,126.908419,"ASIA","Seoul",2024,4,13,"cdc,cdround","https://www.inaturalist.org/observations/206913370","http://creativecommons.org/licenses/by-nc/4.0/legalcode","WGS84","4846800556","206913370",NA,NA
"50c9509d-22c7-4a22-a47d-8c48425ef4a7","HUMAN_OBSERVATION","PRESENT","Pelodiscus maackii",37.467108,126.883334,"ASIA","Seoul",2024,4,12,"cdc,cdround","https://www.inaturalist.org/observations/206919237","http://creativecommons.org/licenses/by-nc/4.0/legalcode","WGS84","4846851282","206919237",NA,NA
"50c9509d-22c7-4a22-a47d-8c48425ef4a7","HUMAN_OBSERVATION","PRESENT","Pelodiscus maackii",35.68498,127.916262,"ASIA","Gyeongsangnam-do",2024,4,17,"cdc,cdround","https://www.inaturalist.org/observations/207738241","http://creativecommons.org/licenses/by-nc/4.0/legalcode","WGS84","4852360112","207738241",NA,NA
"50c9509d-22c7-4a22-a47d-8c48425ef4a7","HUMAN_OBSERVATION","PRESENT","Pelodiscus maackii",35.694761,127.910063,"ASIA","Gyeongsangnam-do",2024,4,18,"cdc,cdround","https://www.inaturalist.org/observations/208086069","http://creativecommons.org/licenses/by-nc/4.0/legalcode","WGS84","4851908563","208086069",NA,NA
"50c9509d-22c7-4a22-a47d-8c48425ef4a7","HUMAN_OBSERVATION","PRESENT","Pelodiscus maackii",37.526993,126.936253,"ASIA","Seoul",2024,5,1,"cdc,cdround","https://www.inaturalist.org/observations/212543235","http://creativecommons.org/licenses/by-nc/4.0/legalcode","WGS84","4855362746","212543235",NA,NA
"50c9509d-22c7-4a22-a47d-8c48425ef4a7","HUMAN_OBSERVATION","PRESENT","Pelodiscus maackii",37.527113,126.935999,"ASIA","Seoul",2024,5,1,"cdc,cdround","https://www.inaturalist.org/observations/212543639","http://creativecommons.org/licenses/by-nc/4.0/legalcode","WGS84","4854897939","212543639",NA,NA
"50c9509d-22c7-4a22-a47d-8c48425ef4a7","HUMAN_OBSERVATION","PRESENT","Pelodiscus maackii",37.527121,126.936006,"ASIA","Seoul",2024,5,1,"cdc,cdround","https://www.inaturalist.org/observations/212543669","http://creativecommons.org/licenses/by-nc/4.0/legalcode","WGS84","4854796394","212543669",NA,NA
"50c9509d-22c7-4a22-a47d-8c48425ef4a7","HUMAN_OBSERVATION","PRESENT","Pelodiscus maackii",35.707539,127.857019,"ASIA","Gyeongsangnam-do",2024,6,7,"cdc,cdround","https://www.inaturalist.org/observations/221083157","http://creativecommons.org/licenses/by-nc/4.0/legalcode","WGS84","4892038763","221083157",NA,NA
"50c9509d-22c7-4a22-a47d-8c48425ef4a7","HUMAN_OBSERVATION","PRESENT","Pelodiscus maackii",35.686188,127.892035,"ASIA","Gyeongsangnam-do",2024,6,23,"cdc,cdround","https://www.inaturalist.org/observations/224615144","http://creativecommons.org/licenses/by-nc/4.0/legalcode","WGS84","4901609476","224615144",NA,NA
"50c9509d-22c7-4a22-a47d-8c48425ef4a7","HUMAN_OBSERVATION","PRESENT","Pelodiscus maackii",35.683464,127.8968,"ASIA","Gyeongsangnam-do",2024,6,23,"cdc,cdround","https://www.inaturalist.org/observations/224615533","http://creativecommons.org/licenses/by-nc/4.0/legalcode","WGS84","4901341372","224615533",NA,NA
"50c9509d-22c7-4a22-a47d-8c48425ef4a7","HUMAN_OBSERVATION","PRESENT","Pelodiscus maackii",36.395523,126.954412,"ASIA","Chungcheongnam-do",2023,3,24,"cdc,cdround","https://www.inaturalist.org/observations/152107195","http://creativecommons.org/licenses/by-nc/4.0/legalcode","WGS84","4112091436","152107195",NA,NA
"7a0b9d7b-7c86-411b-ad93-3ab91d192028","HUMAN_OBSERVATION","PRESENT","Pelodiscus maackii",37.524857,126.936868,"ASIA","Seoul",2023,3,5,"cdc,gass84",NA,"http://creativecommons.org/publicdomain/zero/1.0/legalcode","WGS84","4899900301","NSMK-OB-AR-220600001","Yeouido-dong","Yeongdeungpo-gu"
"50c9509d-22c7-4a22-a47d-8c48425ef4a7","HUMAN_OBSERVATION","PRESENT","Pelodiscus maackii",35.715672,127.925225,"ASIA","Gyeongsangnam-do",2023,4,22,"cdc,cdround","https://www.inaturalist.org/observations/156027376","http://creativecommons.org/licenses/by-nc/4.0/legalcode","WGS84","4111625473","156027376",NA,NA
"50c9509d-22c7-4a22-a47d-8c48425ef4a7","HUMAN_OBSERVATION","PRESENT","Pelodiscus maackii",35.682904,127.898615,"ASIA","Gyeongsangnam-do",2023,5,14,"cdc,cdround","https://www.inaturalist.org/observations/161584951","http://creativecommons.org/licenses/by-nc/4.0/legalcode","WGS84","4116343040","161584951",NA,NA
"50c9509d-22c7-4a22-a47d-8c48425ef4a7","HUMAN_OBSERVATION","PRESENT","Pelodiscus maackii",35.694733,127.910242,"ASIA","Gyeongsangnam-do",2023,5,31,"cdc,cdround","https://www.inaturalist.org/observations/164792413","http://creativecommons.org/licenses/by-nc/4.0/legalcode","WGS84","4129772829","164792413",NA,NA
"50c9509d-22c7-4a22-a47d-8c48425ef4a7","HUMAN_OBSERVATION","PRESENT","Pelodiscus maackii",35.814327,127.461907,"ASIA","Jeollabuk-do",2023,5,21,"cdc,cdround","https://www.inaturalist.org/observations/199528585","http://creativecommons.org/licenses/by-nc/4.0/legalcode","WGS84","4525174959","199528585",NA,NA
"50c9509d-22c7-4a22-a47d-8c48425ef4a7","HUMAN_OBSERVATION","PRESENT","Pelodiscus maackii",35.684656,127.914695,"ASIA","Gyeongsangnam-do",2023,6,2,"cdc,cdround","https://www.inaturalist.org/observations/165097769","http://creativecommons.org/licenses/by-nc/4.0/legalcode","WGS84","4129890692","165097769",NA,NA
"50c9509d-22c7-4a22-a47d-8c48425ef4a7","HUMAN_OBSERVATION","PRESENT","Pelodiscus maackii",35.683862,127.895886,"ASIA","Gyeongsangnam-do",2023,6,3,"cdc,cdround","https://www.inaturalist.org/observations/165287296","http://creativecommons.org/licenses/by-nc/4.0/legalcode","WGS84","4130073731","165287296",NA,NA
"50c9509d-22c7-4a22-a47d-8c48425ef4a7","HUMAN_OBSERVATION","PRESENT","Pelodiscus maackii",35.683863,127.895894,"ASIA","Gyeongsangnam-do",2023,6,3,"cdc,cdround","https://www.inaturalist.org/observations/165290753","http://creativecommons.org/licenses/by-nc/4.0/legalcode","WGS84","4129939803","165290753",NA,NA
"50c9509d-22c7-4a22-a47d-8c48425ef4a7","HUMAN_OBSERVATION","PRESENT","Pelodiscus maackii",35.682908,127.898615,"ASIA","Gyeongsangnam-do",2023,6,4,"cdc,cdround","https://www.inaturalist.org/observations/165498915","http://creativecommons.org/licenses/by-nc/4.0/legalcode","WGS84","4129752070","165498915",NA,NA
"50c9509d-22c7-4a22-a47d-8c48425ef4a7","HUMAN_OBSERVATION","PRESENT","Pelodiscus maackii",35.682902,127.898613,"ASIA","Gyeongsangnam-do",2023,6,5,"cdc,cdround","https://www.inaturalist.org/observations/165713276","http://creativecommons.org/licenses/by-nc/4.0/legalcode","WGS84","4133642658","165713276",NA,NA
"50c9509d-22c7-4a22-a47d-8c48425ef4a7","HUMAN_OBSERVATION","PRESENT","Pelodiscus maackii",37.754615,127.828436,"ASIA","Gangwon-do",2023,6,14,"cdc,cdround","https://www.inaturalist.org/observations/167327812","http://creativecommons.org/licenses/by-nc/4.0/legalcode","WGS84","4137809538","167327812",NA,NA
"50c9509d-22c7-4a22-a47d-8c48425ef4a7","HUMAN_OBSERVATION","PRESENT","Pelodiscus maackii",36.613262,127.467766,"ASIA","Chungcheongbuk-do",2023,6,2,"cdc,cdround","https://www.inaturalist.org/observations/201850983","http://creativecommons.org/licenses/by-nc/4.0/legalcode","WGS84","4596884237","201850983",NA,NA
"50c9509d-22c7-4a22-a47d-8c48425ef4a7","HUMAN_OBSERVATION","PRESENT","Pelodiscus maackii",35.687208,127.921412,"ASIA","Gyeongsangnam-do",2023,7,8,"cdc,cdround","https://www.inaturalist.org/observations/171723098","http://creativecommons.org/licenses/by-nc/4.0/legalcode","WGS84","4153466000","171723098",NA,NA
"50c9509d-22c7-4a22-a47d-8c48425ef4a7","HUMAN_OBSERVATION","PRESENT","Pelodiscus maackii",37.522761,127.011962,"ASIA","Seoul",2023,7,19,"cdc,cdround","https://www.inaturalist.org/observations/173771645","http://creativecommons.org/licenses/by-nc/4.0/legalcode","WGS84","4171265187","173771645",NA,NA
"50c9509d-22c7-4a22-a47d-8c48425ef4a7","HUMAN_OBSERVATION","PRESENT","Pelodiscus maackii",37.753008,127.167918,"ASIA","Gyeonggi-do",2023,8,20,"cdc,cdround","https://www.inaturalist.org/observations/179262720","http://creativecommons.org/licenses/by-nc/4.0/legalcode","WGS84","4400413212","179262720",NA,NA
"50c9509d-22c7-4a22-a47d-8c48425ef4a7","HUMAN_OBSERVATION","PRESENT","Pelodiscus maackii",37.754013,127.168137,"ASIA","Gyeonggi-do",2023,8,20,"cdc,cdround","https://www.inaturalist.org/observations/179278401","http://creativecommons.org/licenses/by-nc/4.0/legalcode","WGS84","4399892011","179278401",NA,NA
"50c9509d-22c7-4a22-a47d-8c48425ef4a7","HUMAN_OBSERVATION","PRESENT","Pelodiscus maackii",37.901881,127.082561,"ASIA","Gyeonggi-do",2023,8,21,"cdc,cdround","https://www.inaturalist.org/observations/179507203","http://creativecommons.org/licenses/by-nc/4.0/legalcode","WGS84","4400395909","179507203",NA,NA
"50c9509d-22c7-4a22-a47d-8c48425ef4a7","HUMAN_OBSERVATION","PRESENT","Pelodiscus maackii",35.736704,127.844752,"ASIA","Gyeongsangnam-do",2023,8,25,"cdc,cdround","https://www.inaturalist.org/observations/180092354","http://creativecommons.org/licenses/by-nc/4.0/legalcode","WGS84","4440614978","180092354",NA,NA
"50c9509d-22c7-4a22-a47d-8c48425ef4a7","HUMAN_OBSERVATION","PRESENT","Pelodiscus maackii",35.684656,127.914699,"ASIA","Gyeongsangnam-do",2023,8,25,"cdc,cdround","https://www.inaturalist.org/observations/180108725","http://creativecommons.org/licenses/by-nc/4.0/legalcode","WGS84","4405339422","180108725",NA,NA
"50c9509d-22c7-4a22-a47d-8c48425ef4a7","HUMAN_OBSERVATION","PRESENT","Pelodiscus maackii",35.687596,127.888454,"ASIA","Gyeongsangnam-do",2023,8,26,"cdc,cdround","https://www.inaturalist.org/observations/180262577","http://creativecommons.org/licenses/by-nc/4.0/legalcode","WGS84","4440754965","180262577",NA,NA
"50c9509d-22c7-4a22-a47d-8c48425ef4a7","HUMAN_OBSERVATION","PRESENT","Pelodiscus maackii",35.687498,127.888738,"ASIA","Gyeongsangnam-do",2023,8,26,"cdc,cdround","https://www.inaturalist.org/observations/180262670","http://creativecommons.org/licenses/by-nc/4.0/legalcode","WGS84","4440614984","180262670",NA,NA
"50c9509d-22c7-4a22-a47d-8c48425ef4a7","HUMAN_OBSERVATION","PRESENT","Pelodiscus maackii",35.687572,127.888465,"ASIA","Gyeongsangnam-do",2023,8,25,"cdc,cdround","https://www.inaturalist.org/observations/180265476","http://creativecommons.org/licenses/by-nc/4.0/legalcode","WGS84","4440778941","180265476",NA,NA
"50c9509d-22c7-4a22-a47d-8c48425ef4a7","HUMAN_OBSERVATION","PRESENT","Pelodiscus maackii",35.687543,127.888599,"ASIA","Gyeongsangnam-do",2023,8,25,"cdc,cdround","https://www.inaturalist.org/observations/180265589","http://creativecommons.org/licenses/by-nc/4.0/legalcode","WGS84","4440607956","180265589",NA,NA
"50c9509d-22c7-4a22-a47d-8c48425ef4a7","HUMAN_OBSERVATION","PRESENT","Pelodiscus maackii",35.687554,127.888798,"ASIA","Gyeongsangnam-do",2023,8,25,"cdc,cdround","https://www.inaturalist.org/observations/180265846","http://creativecommons.org/licenses/by-nc/4.0/legalcode","WGS84","4440731960","180265846",NA,NA
"50c9509d-22c7-4a22-a47d-8c48425ef4a7","HUMAN_OBSERVATION","PRESENT","Pelodiscus maackii",35.687553,127.888592,"ASIA","Gyeongsangnam-do",2023,8,25,"cdc,cdround","https://www.inaturalist.org/observations/180265847","http://creativecommons.org/licenses/by-nc/4.0/legalcode","WGS84","4440782948","180265847",NA,NA
"50c9509d-22c7-4a22-a47d-8c48425ef4a7","HUMAN_OBSERVATION","PRESENT","Pelodiscus maackii",35.685214,127.915494,"ASIA","Gyeongsangnam-do",2023,8,27,"cdc,cdround","https://www.inaturalist.org/observations/180423048","http://creativecommons.org/licenses/by-nc/4.0/legalcode","WGS84","4440872041","180423048",NA,NA
"50c9509d-22c7-4a22-a47d-8c48425ef4a7","HUMAN_OBSERVATION","PRESENT","Pelodiscus maackii",37.40986,126.91514,"ASIA","Gyeonggi-do",2023,8,31,"cdc,cdround","https://www.inaturalist.org/observations/181017399","http://creativecommons.org/licenses/by-nc/4.0/legalcode","WGS84","4440597973","181017399",NA,NA
"50c9509d-22c7-4a22-a47d-8c48425ef4a7","HUMAN_OBSERVATION","PRESENT","Pelodiscus maackii",35.687175,127.921305,"ASIA","Gyeongsangnam-do",2023,9,22,"cdc,cdround","https://www.inaturalist.org/observations/184367881","http://creativecommons.org/licenses/by-nc/4.0/legalcode","WGS84","4430910285","184367881",NA,NA
"50c9509d-22c7-4a22-a47d-8c48425ef4a7","HUMAN_OBSERVATION","PRESENT","Pelodiscus maackii",35.68773,127.922325,"ASIA","Gyeongsangnam-do",2023,9,22,"cdc,cdround","https://www.inaturalist.org/observations/184367924","http://creativecommons.org/licenses/by-nc/4.0/legalcode","WGS84","4440718990","184367924",NA,NA
"50c9509d-22c7-4a22-a47d-8c48425ef4a7","HUMAN_OBSERVATION","PRESENT","Pelodiscus maackii",35.683859,127.895893,"ASIA","Gyeongsangnam-do",2023,9,23,"cdc,cdround","https://www.inaturalist.org/observations/184524626","http://creativecommons.org/licenses/by-nc/4.0/legalcode","WGS84","4440755112","184524626",NA,NA
"50c9509d-22c7-4a22-a47d-8c48425ef4a7","HUMAN_OBSERVATION","PRESENT","Pelodiscus maackii",35.68386,127.895894,"ASIA","Gyeongsangnam-do",2023,9,28,"cdc,cdround","https://www.inaturalist.org/observations/185268300","http://creativecommons.org/licenses/by-nc/4.0/legalcode","WGS84","4430513340","185268300",NA,NA
"50c9509d-22c7-4a22-a47d-8c48425ef4a7","HUMAN_OBSERVATION","PRESENT","Pelodiscus maackii",35.786757,127.22663,"ASIA","Jeollabuk-do",2022,3,20,"cdc","https://www.inaturalist.org/observations/109028181","http://creativecommons.org/licenses/by-nc/4.0/legalcode","WGS84","3747342641","109028181",NA,NA
"50c9509d-22c7-4a22-a47d-8c48425ef4a7","HUMAN_OBSERVATION","PRESENT","Pelodiscus maackii",35.684389,127.91377,"ASIA","Gyeongsangnam-do",2022,5,7,"cdc","https://www.inaturalist.org/observations/115903160","http://creativecommons.org/licenses/by-nc/4.0/legalcode","WGS84","3859883077","115903160",NA,NA
"50c9509d-22c7-4a22-a47d-8c48425ef4a7","HUMAN_OBSERVATION","PRESENT","Pelodiscus maackii",36.613234,127.468201,"ASIA","Chungcheongbuk-do",2022,5,22,"cdc,cdround","https://www.inaturalist.org/observations/118198258","http://creativecommons.org/licenses/by-nc/4.0/legalcode","WGS84","3802654890","118198258",NA,NA
"50c9509d-22c7-4a22-a47d-8c48425ef4a7","HUMAN_OBSERVATION","PRESENT","Pelodiscus maackii",35.51943,126.895541,"ASIA","Jeollabuk-do",2022,5,29,"cdc,cdround","https://www.inaturalist.org/observations/119217903","http://creativecommons.org/licenses/by-nc/4.0/legalcode","WGS84","3860451561","119217903",NA,NA
"50c9509d-22c7-4a22-a47d-8c48425ef4a7","HUMAN_OBSERVATION","PRESENT","Pelodiscus maackii",35.68346,127.907644,"ASIA","Gyeongsangnam-do",2022,6,1,"cdc,cdround","https://www.inaturalist.org/observations/119722154","http://creativecommons.org/licenses/by-nc/4.0/legalcode","WGS84","3915328531","119722154",NA,NA
"50c9509d-22c7-4a22-a47d-8c48425ef4a7","HUMAN_OBSERVATION","PRESENT","Pelodiscus maackii",35.68468,127.894324,"ASIA","Gyeongsangnam-do",2022,6,6,"cdc,cdround","https://www.inaturalist.org/observations/120623728","http://creativecommons.org/licenses/by-nc/4.0/legalcode","WGS84","3915257558","120623728",NA,NA
"50c9509d-22c7-4a22-a47d-8c48425ef4a7","HUMAN_OBSERVATION","PRESENT","Pelodiscus maackii",37.473723,126.822558,"ASIA","Seoul",2022,6,10,"cdc,cdround","https://www.inaturalist.org/observations/169094795","http://creativecommons.org/licenses/by-nc/4.0/legalcode","WGS84","4138586947","169094795",NA,NA
"50c9509d-22c7-4a22-a47d-8c48425ef4a7","HUMAN_OBSERVATION","PRESENT","Pelodiscus maackii",38.293531,127.204036,"ASIA","Gangwon-do",2022,7,9,"cdc,cdround","https://www.inaturalist.org/observations/125432465","http://creativecommons.org/licenses/by-nc/4.0/legalcode","WGS84","3873354530","125432465",NA,NA
"50c9509d-22c7-4a22-a47d-8c48425ef4a7","HUMAN_OBSERVATION","PRESENT","Pelodiscus maackii",37.305892,126.947103,"ASIA","Gyeonggi-do",2022,7,14,"cdc,cdround","https://www.inaturalist.org/observations/168756884","http://creativecommons.org/licenses/by-nc/4.0/legalcode","WGS84","4138615475","168756884",NA,NA
"50c9509d-22c7-4a22-a47d-8c48425ef4a7","HUMAN_OBSERVATION","PRESENT","Pelodiscus maackii",35.890344,128.50528,"ASIA","Gyeongsangbuk-do",2022,8,1,"cdc,cdround","https://www.inaturalist.org/observations/129357356","http://creativecommons.org/licenses/by-nc/4.0/legalcode","WGS84","3888811783","129357356",NA,NA
"50c9509d-22c7-4a22-a47d-8c48425ef4a7","HUMAN_OBSERVATION","PRESENT","Pelodiscus maackii",37.466153,127.123268,"ASIA","Seoul",2022,8,28,"cdc,cdround","https://www.inaturalist.org/observations/132577796","http://creativecommons.org/licenses/by-nc/4.0/legalcode","WGS84","3903470526","132577796",NA,NA
"50c9509d-22c7-4a22-a47d-8c48425ef4a7","HUMAN_OBSERVATION","PRESENT","Pelodiscus maackii",37.345692,127.120931,"ASIA","Gyeonggi-do",2022,9,12,"cdc,cdround","https://www.inaturalist.org/observations/134706027","http://creativecommons.org/licenses/by-nc/4.0/legalcode","WGS84","3903227790","134706027",NA,NA
"50c9509d-22c7-4a22-a47d-8c48425ef4a7","HUMAN_OBSERVATION","PRESENT","Pelodiscus maackii",37.352985,127.11887,"ASIA","Gyeonggi-do",2022,9,12,"cdc,cdround","https://www.inaturalist.org/observations/134706034","http://creativecommons.org/licenses/by-nc/4.0/legalcode","WGS84","3902773064","134706034",NA,NA
"50c9509d-22c7-4a22-a47d-8c48425ef4a7","HUMAN_OBSERVATION","PRESENT","Pelodiscus maackii",37.308119,126.947603,"ASIA","Gyeonggi-do",2022,9,14,"cdc,cdround","https://www.inaturalist.org/observations/168418689","http://creativecommons.org/licenses/by-nc/4.0/legalcode","WGS84","4138054971","168418689",NA,NA
"50c9509d-22c7-4a22-a47d-8c48425ef4a7","HUMAN_OBSERVATION","PRESENT","Pelodiscus maackii",37.467121,126.883405,"ASIA","Seoul",2021,4,1,"cdc,cdround","https://www.inaturalist.org/observations/164455072","http://creativecommons.org/licenses/by-nc/4.0/legalcode","WGS84","4129877579","164455072",NA,NA
"50c9509d-22c7-4a22-a47d-8c48425ef4a7","HUMAN_OBSERVATION","PRESENT","Pelodiscus maackii",37.454605,126.893602,"ASIA","Seoul",2021,4,29,"cdc,cdround","https://www.inaturalist.org/observations/164582491","http://creativecommons.org/licenses/by-nc/4.0/legalcode","WGS84","4129983774","164582491",NA,NA
"50c9509d-22c7-4a22-a47d-8c48425ef4a7","HUMAN_OBSERVATION","PRESENT","Pelodiscus maackii",36.322153,127.386216,"ASIA","Daejeon",2021,5,8,"cdc","https://www.inaturalist.org/observations/164584512","http://creativecommons.org/licenses/by-nc/4.0/legalcode","WGS84","4846791028","164584512",NA,NA
"50c9509d-22c7-4a22-a47d-8c48425ef4a7","HUMAN_OBSERVATION","PRESENT","Pelodiscus maackii",35.668002,127.942233,"ASIA","Gyeongsangnam-do",2021,5,29,"cdc,cdround","https://www.inaturalist.org/observations/80872237","http://creativecommons.org/licenses/by-nc/4.0/legalcode","WGS84","3759054572","80872237",NA,NA
"50c9509d-22c7-4a22-a47d-8c48425ef4a7","HUMAN_OBSERVATION","PRESENT","Pelodiscus maackii",37.432564,126.899457,"ASIA","Gyeonggi-do",2021,8,25,"cdc,cdround","https://www.inaturalist.org/observations/164636197","http://creativecommons.org/licenses/by-nc/4.0/legalcode","WGS84","4129750568","164636197",NA,NA
"50c9509d-22c7-4a22-a47d-8c48425ef4a7","HUMAN_OBSERVATION","PRESENT","Pelodiscus maackii",37.486856,127.109867,"ASIA","Seoul",2021,9,20,"cdc,cdround","https://www.inaturalist.org/observations/198505610","http://creativecommons.org/licenses/by-nc/4.0/legalcode","WGS84","4519249161","198505610",NA,NA
"50c9509d-22c7-4a22-a47d-8c48425ef4a7","HUMAN_OBSERVATION","PRESENT","Pelodiscus maackii",35.843661,128.560116,"ASIA","Daegu",2021,9,4,"cdc,cdround","https://www.inaturalist.org/observations/93575365","http://creativecommons.org/licenses/by-nc/4.0/legalcode","WGS84","3384635180","93575365",NA,NA
"50c9509d-22c7-4a22-a47d-8c48425ef4a7","HUMAN_OBSERVATION","PRESENT","Pelodiscus maackii",37.469567,126.908129,"ASIA","Seoul",2020,3,27,"cdc,cdround","https://www.inaturalist.org/observations/164415240","http://creativecommons.org/licenses/by-nc/4.0/legalcode","WGS84","4847124627","164415240",NA,NA
"50c9509d-22c7-4a22-a47d-8c48425ef4a7","HUMAN_OBSERVATION","PRESENT","Pelodiscus maackii",37.470148,126.880433,"ASIA","Seoul",2020,4,1,"cdc,cdround","https://www.inaturalist.org/observations/164415847","http://creativecommons.org/licenses/by-nc/4.0/legalcode","WGS84","4129881783","164415847",NA,NA
"50c9509d-22c7-4a22-a47d-8c48425ef4a7","HUMAN_OBSERVATION","PRESENT","Pelodiscus maackii",37.7547,127.1679,"ASIA","Gyeonggi-do",2020,4,29,"cdc","https://www.inaturalist.org/observations/182009019","http://creativecommons.org/licenses/by-nc/4.0/legalcode","WGS84","4440620051","182009019",NA,NA
"50c9509d-22c7-4a22-a47d-8c48425ef4a7","HUMAN_OBSERVATION","PRESENT","Pelodiscus maackii",37.853284,127.748812,"ASIA","Gangwon-do",2020,5,5,"cdc,cdround","https://www.inaturalist.org/observations/164435526","http://creativecommons.org/licenses/by-nc/4.0/legalcode","WGS84","4129849827","164435526",NA,NA
"50c9509d-22c7-4a22-a47d-8c48425ef4a7","HUMAN_OBSERVATION","PRESENT","Pelodiscus maackii",36.613235,127.4683,"ASIA","Chungcheongbuk-do",2020,5,18,"cdc,cdround","https://www.inaturalist.org/observations/48513907","http://creativecommons.org/licenses/by-nc/4.0/legalcode","WGS84","3759091418","48513907",NA,NA
"50c9509d-22c7-4a22-a47d-8c48425ef4a7","HUMAN_OBSERVATION","PRESENT","Pelodiscus maackii",36.613251,127.468294,"ASIA","Chungcheongbuk-do",2020,5,18,"cdc,cdround","https://www.inaturalist.org/observations/48513908","http://creativecommons.org/licenses/by-nc/4.0/legalcode","WGS84","3759088423","48513908",NA,NA
"50c9509d-22c7-4a22-a47d-8c48425ef4a7","HUMAN_OBSERVATION","PRESENT","Pelodiscus maackii",36.613277,127.468327,"ASIA","Chungcheongbuk-do",2020,5,18,"cdc,cdround","https://www.inaturalist.org/observations/48513932","http://creativecommons.org/licenses/by-nc/4.0/legalcode","WGS84","3759577441","48513932",NA,NA
"50c9509d-22c7-4a22-a47d-8c48425ef4a7","HUMAN_OBSERVATION","PRESENT","Pelodiscus maackii",37.469348,126.88098,"ASIA","Seoul",2020,6,13,"cdc,cdround","https://www.inaturalist.org/observations/164417715","http://creativecommons.org/licenses/by-nc/4.0/legalcode","WGS84","4129897833","164417715",NA,NA
"50c9509d-22c7-4a22-a47d-8c48425ef4a7","HUMAN_OBSERVATION","PRESENT","Pelodiscus maackii",37.494909,126.870429,"ASIA","Seoul",2020,6,21,"cdc,cdround","https://www.inaturalist.org/observations/164419360","http://creativecommons.org/licenses/by-nc/4.0/legalcode","WGS84","4129844420","164419360",NA,NA
"50c9509d-22c7-4a22-a47d-8c48425ef4a7","HUMAN_OBSERVATION","PRESENT","Pelodiscus maackii",37.7561,127.167567,"ASIA","Gyeonggi-do",2019,5,30,"cdc,cdround","https://www.inaturalist.org/observations/26597953","http://creativecommons.org/licenses/by-nc/4.0/legalcode","WGS84","3759146363","26597953",NA,NA
"50c9509d-22c7-4a22-a47d-8c48425ef4a7","HUMAN_OBSERVATION","PRESENT","Pelodiscus maackii",36.660067,126.641942,"ASIA","Chungcheongnam-do",2019,6,2,"cdc,cdround","https://www.inaturalist.org/observations/26239812","http://creativecommons.org/licenses/by/4.0/legalcode","WGS84","2252013522","26239812",NA,NA
"50c9509d-22c7-4a22-a47d-8c48425ef4a7","HUMAN_OBSERVATION","PRESENT","Pelodiscus maackii",36.638184,127.426687,"ASIA","Chungcheongbuk-do",2019,6,16,"cdc,cdround","https://www.inaturalist.org/observations/27079802","http://creativecommons.org/licenses/by-nc/4.0/legalcode","WGS84","2269265414","27079802",NA,NA
"50c9509d-22c7-4a22-a47d-8c48425ef4a7","HUMAN_OBSERVATION","PRESENT","Pelodiscus maackii",36.638234,127.427022,"ASIA","Chungcheongbuk-do",2019,7,12,"cdc,cdround","https://www.inaturalist.org/observations/28663700","http://creativecommons.org/licenses/by-nc/4.0/legalcode","WGS84","2294454046","28663700",NA,NA
"50c9509d-22c7-4a22-a47d-8c48425ef4a7","HUMAN_OBSERVATION","PRESENT","Pelodiscus maackii",36.638234,127.427108,"ASIA","Chungcheongbuk-do",2019,7,22,"cdc,cdround","https://www.inaturalist.org/observations/29428342","http://creativecommons.org/licenses/by-nc/4.0/legalcode","WGS84","2294657559","29428342",NA,NA
"50c9509d-22c7-4a22-a47d-8c48425ef4a7","HUMAN_OBSERVATION","PRESENT","Pelodiscus maackii",37.505449,126.978458,"ASIA","Seoul",2019,7,30,"cdc,cdround","https://www.inaturalist.org/observations/38724251","http://creativecommons.org/licenses/by-nc/4.0/legalcode","WGS84","2576423971","38724251",NA,NA
"50c9509d-22c7-4a22-a47d-8c48425ef4a7","HUMAN_OBSERVATION","PRESENT","Pelodiscus maackii",36.741173,126.583982,"ASIA","Chungcheongnam-do",2019,9,29,"cdc,cdround","https://www.inaturalist.org/observations/33585382","http://creativecommons.org/licenses/by/4.0/legalcode","WGS84","2429298007","33585382",NA,NA
"50c9509d-22c7-4a22-a47d-8c48425ef4a7","HUMAN_OBSERVATION","PRESENT","Pelodiscus maackii",36.749793,126.440416,"ASIA","Chungcheongnam-do",2019,10,23,"cdc,cdround","https://www.inaturalist.org/observations/34777916","http://creativecommons.org/licenses/by/4.0/legalcode","WGS84","2444971882","34777916",NA,NA
"50c9509d-22c7-4a22-a47d-8c48425ef4a7","HUMAN_OBSERVATION","PRESENT","Pelodiscus maackii",36.746015,126.583558,"ASIA","Chungcheongnam-do",2019,11,3,"cdc,cdround","https://www.inaturalist.org/observations/35231244","http://creativecommons.org/licenses/by/4.0/legalcode","WGS84","2451702900","35231244",NA,NA
"50c9509d-22c7-4a22-a47d-8c48425ef4a7","HUMAN_OBSERVATION","PRESENT","Pelodiscus maackii",36.613619,127.467722,"ASIA","Chungcheongbuk-do",2018,5,22,"cdc,cdround","https://www.inaturalist.org/observations/12763261","http://creativecommons.org/licenses/by-nc/4.0/legalcode","WGS84","1847592566","12763261",NA,NA
"50c9509d-22c7-4a22-a47d-8c48425ef4a7","HUMAN_OBSERVATION","PRESENT","Pelodiscus maackii",36.09961,127.528021,"ASIA","Chungcheongnam-do",2018,5,26,"cdc,cdround","https://www.inaturalist.org/observations/17901586","http://creativecommons.org/licenses/by-nc/4.0/legalcode","WGS84","1933563209","17901586",NA,NA
"50c9509d-22c7-4a22-a47d-8c48425ef4a7","HUMAN_OBSERVATION","PRESENT","Pelodiscus maackii",37.597126,127.069098,"ASIA","Seoul",2016,1,4,"cdc,cdround","https://www.inaturalist.org/observations/179756937","http://creativecommons.org/licenses/by-nc/4.0/legalcode","WGS84","4405232765","179756937",NA,NA
"50c9509d-22c7-4a22-a47d-8c48425ef4a7","HUMAN_OBSERVATION","PRESENT","Pelodiscus maackii",37.467188,126.884403,"ASIA","Seoul",2016,6,19,"cdc,cdround","https://www.inaturalist.org/observations/165095502","http://creativecommons.org/licenses/by-nc/4.0/legalcode","WGS84","4852144099","165095502",NA,NA
"50c9509d-22c7-4a22-a47d-8c48425ef4a7","HUMAN_OBSERVATION","PRESENT","Pelodiscus maackii",36.037777,126.718613,"ASIA","Chungcheongnam-do",2016,8,24,"cdc,cdround","https://www.inaturalist.org/observations/3952395","http://creativecommons.org/licenses/by-nc/4.0/legalcode","WGS84","1920848737","3952395",NA,NA
"50c9509d-22c7-4a22-a47d-8c48425ef4a7","HUMAN_OBSERVATION","PRESENT","Pelodiscus maackii",37.743568,127.054637,"ASIA","Gyeonggi-do",2016,10,3,"cdc,cdround","https://www.inaturalist.org/observations/4260537","http://creativecommons.org/licenses/by-nc/4.0/legalcode","WGS84","1993776052","4260537",NA,NA
"50c9509d-22c7-4a22-a47d-8c48425ef4a7","HUMAN_OBSERVATION","PRESENT","Pelodiscus maackii",37.742441,127.054396,"ASIA","Gyeonggi-do",2016,10,5,"cdc,cdround","https://www.inaturalist.org/observations/4288644","http://creativecommons.org/licenses/by-nc/4.0/legalcode","WGS84","1993776074","4288644",NA,NA
"50c9509d-22c7-4a22-a47d-8c48425ef4a7","HUMAN_OBSERVATION","PRESENT","Pelodiscus maackii",36.489489,127.134047,"ASIA","Chungcheongnam-do",2015,5,15,"cdc","https://www.inaturalist.org/observations/2563839","http://creativecommons.org/licenses/by/4.0/legalcode","WGS84","1920847960","2563839",NA,NA
"1e09d985-8f58-4a34-ab86-17e55f203c8a","HUMAN_OBSERVATION","PRESENT","Pelodiscus maackii",36.655422,128.091369,"ASIA",NA,2013,3,12,"cdc,cdround,gass84",NA,"http://creativecommons.org/publicdomain/zero/1.0/legalcode","WGS84","3444451404",NA,NA,NA
"1e09d985-8f58-4a34-ab86-17e55f203c8a","HUMAN_OBSERVATION","PRESENT","Pelodiscus maackii",35.733142,127.573,"ASIA",NA,2013,3,29,"cdc,cdround,gass84",NA,"http://creativecommons.org/publicdomain/zero/1.0/legalcode","WGS84","3444471403",NA,NA,NA
"1e09d985-8f58-4a34-ab86-17e55f203c8a","HUMAN_OBSERVATION","PRESENT","Pelodiscus maackii",35.419094,127.060678,"ASIA",NA,2013,3,16,"cdc,cdround,gass84",NA,"http://creativecommons.org/publicdomain/zero/1.0/legalcode","WGS84","3444101475",NA,NA,NA
"50c9509d-22c7-4a22-a47d-8c48425ef4a7","HUMAN_OBSERVATION","PRESENT","Pelodiscus maackii",36.285045,127.381434,"ASIA","Daejeon",2013,8,9,"cdc","https://www.inaturalist.org/observations/360930","http://creativecommons.org/licenses/by/4.0/legalcode","WGS84","1453095200","360930",NA,NA
"1e09d985-8f58-4a34-ab86-17e55f203c8a","HUMAN_OBSERVATION","PRESENT","Pelodiscus maackii",36.638036,128.073739,"ASIA",NA,2013,8,27,"cdc,cdround,gass84",NA,"http://creativecommons.org/publicdomain/zero/1.0/legalcode","WGS84","3444110432",NA,NA,NA
"50c9509d-22c7-4a22-a47d-8c48425ef4a7","HUMAN_OBSERVATION","PRESENT","Pelodiscus maackii",36.661356,126.642902,"ASIA","Chungcheongnam-do",2013,9,29,"cdc","https://www.inaturalist.org/observations/411897","http://creativecommons.org/licenses/by/4.0/legalcode","WGS84","1920848830","411897",NA,NA
"50c9509d-22c7-4a22-a47d-8c48425ef4a7","HUMAN_OBSERVATION","PRESENT","Pelodiscus maackii",37.589088,126.813232,"ASIA","Gyeonggi-do",2012,7,7,"cdc","https://www.inaturalist.org/observations/4636813","http://creativecommons.org/licenses/by/4.0/legalcode","WGS84","1453242298","4636813",NA,NA
"50c9509d-22c7-4a22-a47d-8c48425ef4a7","HUMAN_OBSERVATION","PRESENT","Pelodiscus maackii",36.660455,126.642253,"ASIA","Chungcheongnam-do",2012,8,10,"cdc,cdround","https://www.inaturalist.org/observations/33794656","http://creativecommons.org/licenses/by/4.0/legalcode","WGS84","2429351840","33794656",NA,NA
"50c9509d-22c7-4a22-a47d-8c48425ef4a7","HUMAN_OBSERVATION","PRESENT","Pelodiscus maackii",36.660449,126.642277,"ASIA","Chungcheongnam-do",2012,8,10,"cdc,cdround","https://www.inaturalist.org/observations/33794657","http://creativecommons.org/licenses/by/4.0/legalcode","WGS84","2429358464","33794657",NA,NA
"50c9509d-22c7-4a22-a47d-8c48425ef4a7","HUMAN_OBSERVATION","PRESENT","Pelodiscus maackii",36.602299,127.467499,"ASIA","Chungcheongbuk-do",2012,10,1,"cdc,cdround","https://www.inaturalist.org/observations/132933","http://creativecommons.org/licenses/by/4.0/legalcode","WGS84","1920785388","132933",NA,NA
"50c9509d-22c7-4a22-a47d-8c48425ef4a7","HUMAN_OBSERVATION","PRESENT","Pelodiscus maackii",36.411889,126.802483,"ASIA","Chungcheongnam-do",2012,11,23,"cdc,cdround","https://www.inaturalist.org/observations/151609","http://creativecommons.org/licenses/by/4.0/legalcode","WGS84","891021971","151609",NA,NA
"1e09d985-8f58-4a34-ab86-17e55f203c8a","HUMAN_OBSERVATION","PRESENT","Pelodiscus maackii",34.495353,126.850317,"ASIA",NA,2011,3,18,"cdc,cdround,gass84",NA,"http://creativecommons.org/publicdomain/zero/1.0/legalcode","WGS84","3444104474",NA,NA,NA
"1e09d985-8f58-4a34-ab86-17e55f203c8a","HUMAN_OBSERVATION","PRESENT","Pelodiscus maackii",33.244,126.391528,"ASIA",NA,2011,7,13,"cdc,cdround,gass84",NA,"http://creativecommons.org/publicdomain/zero/1.0/legalcode","WGS84","3444108509",NA,NA,NA
"50c9509d-22c7-4a22-a47d-8c48425ef4a7","HUMAN_OBSERVATION","PRESENT","Pelodiscus maackii",35.900731,128.565445,"ASIA","Daegu",2011,9,18,"cdc,cdround","https://www.inaturalist.org/observations/31820","http://creativecommons.org/licenses/by/4.0/legalcode","WGS84","1920848329","31820",NA,NA
"50c9509d-22c7-4a22-a47d-8c48425ef4a7","HUMAN_OBSERVATION","PRESENT","Pelodiscus maackii",35.899063,128.583984,"ASIA","Daegu",2011,9,20,"cdc,cdround","https://www.inaturalist.org/observations/32007","http://creativecommons.org/licenses/by/4.0/legalcode","WGS84","891019001","32007",NA,NA
"50c9509d-22c7-4a22-a47d-8c48425ef4a7","HUMAN_OBSERVATION","PRESENT","Pelodiscus maackii",35.920196,128.61145,"ASIA","Daegu",2011,9,27,"cdc,cdround","https://www.inaturalist.org/observations/33169","http://creativecommons.org/licenses/by/4.0/legalcode","WGS84","1920848390","33169",NA,NA
"50c9509d-22c7-4a22-a47d-8c48425ef4a7","HUMAN_OBSERVATION","PRESENT","Pelodiscus maackii",35.814472,128.454895,"ASIA","Daegu",2011,9,17,"cdc","https://www.inaturalist.org/observations/337590","http://creativecommons.org/licenses/by/4.0/legalcode","WGS84","1920848422","337590",NA,NA
"50c9509d-22c7-4a22-a47d-8c48425ef4a7","HUMAN_OBSERVATION","PRESENT","Pelodiscus maackii",36.199923,127.365918,"ASIA","Chungcheongnam-do",2011,9,24,"cdc","https://www.inaturalist.org/observations/4626447","http://creativecommons.org/licenses/by/4.0/legalcode","WGS84","1920849086","4626447",NA,NA
"50c9509d-22c7-4a22-a47d-8c48425ef4a7","HUMAN_OBSERVATION","PRESENT","Pelodiscus maackii",36.660157,126.641121,"ASIA","Chungcheongnam-do",2011,10,2,"cdc,cdround","https://www.inaturalist.org/observations/37396","http://creativecommons.org/licenses/by/4.0/legalcode","WGS84","1920848601","37396",NA,NA
"50c9509d-22c7-4a22-a47d-8c48425ef4a7","HUMAN_OBSERVATION","PRESENT","Pelodiscus maackii",35.880219,128.600721,"ASIA","Daegu",2011,11,20,"cdc","https://www.inaturalist.org/observations/4628070","http://creativecommons.org/licenses/by/4.0/legalcode","WGS84","1920849091","4628070",NA,NA
"1e09d985-8f58-4a34-ab86-17e55f203c8a","HUMAN_OBSERVATION","PRESENT","Pelodiscus maackii",36.117039,126.883356,"ASIA",NA,2010,5,21,"cdc,cdround,gass84",NA,"http://creativecommons.org/publicdomain/zero/1.0/legalcode","WGS84","3444420412",NA,NA,NA
"1e09d985-8f58-4a34-ab86-17e55f203c8a","HUMAN_OBSERVATION","PRESENT","Pelodiscus maackii",34.789133,127.676789,"ASIA",NA,2010,8,28,"cdc,cdround,gass84",NA,"http://creativecommons.org/publicdomain/zero/1.0/legalcode","WGS84","3444471401",NA,NA,NA
"1e09d985-8f58-4a34-ab86-17e55f203c8a","HUMAN_OBSERVATION","PRESENT","Pelodiscus maackii",36.184539,126.84465,"ASIA",NA,2010,8,11,"cdc,cdround,gass84",NA,"http://creativecommons.org/publicdomain/zero/1.0/legalcode","WGS84","3444425493",NA,NA,NA
"1e09d985-8f58-4a34-ab86-17e55f203c8a","HUMAN_OBSERVATION","PRESENT","Pelodiscus maackii",36.135861,126.777708,"ASIA",NA,2010,8,21,"cdc,cdround,gass84",NA,"http://creativecommons.org/publicdomain/zero/1.0/legalcode","WGS84","3444096481",NA,NA,NA
"1e09d985-8f58-4a34-ab86-17e55f203c8a","HUMAN_OBSERVATION","PRESENT","Pelodiscus maackii",36.143372,126.822914,"ASIA",NA,2010,8,21,"cdc,cdround,gass84",NA,"http://creativecommons.org/publicdomain/zero/1.0/legalcode","WGS84","3444101474",NA,NA,NA
"1e09d985-8f58-4a34-ab86-17e55f203c8a","HUMAN_OBSERVATION","PRESENT","Pelodiscus maackii",36.1483,126.807075,"ASIA",NA,2010,8,21,"cdc,gass84",NA,"http://creativecommons.org/publicdomain/zero/1.0/legalcode","WGS84","3444451402",NA,NA,NA
"1e09d985-8f58-4a34-ab86-17e55f203c8a","HUMAN_OBSERVATION","PRESENT","Pelodiscus maackii",36.122433,126.780219,"ASIA",NA,2010,8,11,"cdc,cdround,gass84",NA,"http://creativecommons.org/publicdomain/zero/1.0/legalcode","WGS84","3444096482",NA,NA,NA
"1e09d985-8f58-4a34-ab86-17e55f203c8a","HUMAN_OBSERVATION","PRESENT","Pelodiscus maackii",36.015083,126.775581,"ASIA",NA,2010,8,14,"cdc,cdround,gass84",NA,"http://creativecommons.org/publicdomain/zero/1.0/legalcode","WGS84","3444434420",NA,NA,NA
"50c9509d-22c7-4a22-a47d-8c48425ef4a7","HUMAN_OBSERVATION","PRESENT","Pelodiscus maackii",37.231558,126.992168,"ASIA","Gyeonggi-do",2010,10,13,"cdc","https://www.inaturalist.org/observations/2513184","http://creativecommons.org/licenses/by/4.0/legalcode","WGS84","1890727496","2513184",NA,NA
"1e09d985-8f58-4a34-ab86-17e55f203c8a","HUMAN_OBSERVATION","PRESENT","Pelodiscus maackii",36.471561,128.254381,"ASIA",NA,2009,5,4,"cdc,cdround,gass84",NA,"http://creativecommons.org/publicdomain/zero/1.0/legalcode","WGS84","3444104475",NA,NA,NA
"1e09d985-8f58-4a34-ab86-17e55f203c8a","HUMAN_OBSERVATION","PRESENT","Pelodiscus maackii",36.440278,127.064722,"ASIA",NA,2009,5,16,"cdc,cdround,gass84",NA,"http://creativecommons.org/publicdomain/zero/1.0/legalcode","WGS84","3444425495",NA,NA,NA
"1e09d985-8f58-4a34-ab86-17e55f203c8a","HUMAN_OBSERVATION","PRESENT","Pelodiscus maackii",36.300067,127.828114,"ASIA",NA,2009,7,22,"cdc,cdround,gass84",NA,"http://creativecommons.org/publicdomain/zero/1.0/legalcode","WGS84","3444418453",NA,NA,NA
"1e09d985-8f58-4a34-ab86-17e55f203c8a","HUMAN_OBSERVATION","PRESENT","Pelodiscus maackii",36.435392,128.273006,"ASIA",NA,2009,7,17,"cdc,cdround,gass84",NA,"http://creativecommons.org/publicdomain/zero/1.0/legalcode","WGS84","3444434421",NA,NA,NA
"1e09d985-8f58-4a34-ab86-17e55f203c8a","HUMAN_OBSERVATION","PRESENT","Pelodiscus maackii",36.420464,128.017895,"ASIA",NA,2009,7,11,"cdc,cdround,gass84",NA,"http://creativecommons.org/publicdomain/zero/1.0/legalcode","WGS84","3444108510",NA,NA,NA
"1e09d985-8f58-4a34-ab86-17e55f203c8a","HUMAN_OBSERVATION","PRESENT","Pelodiscus maackii",36.280842,128.281953,"ASIA",NA,2009,7,18,"cdc,cdround,gass84",NA,"http://creativecommons.org/publicdomain/zero/1.0/legalcode","WGS84","3444451403",NA,NA,NA
"1e09d985-8f58-4a34-ab86-17e55f203c8a","HUMAN_OBSERVATION","PRESENT","Pelodiscus maackii",36.402208,128.356347,"ASIA",NA,2009,8,4,"cdc,cdround,gass84",NA,"http://creativecommons.org/publicdomain/zero/1.0/legalcode","WGS84","3444425494",NA,NA,NA
"1e09d985-8f58-4a34-ab86-17e55f203c8a","HUMAN_OBSERVATION","PRESENT","Pelodiscus maackii",36.402569,128.304942,"ASIA",NA,2009,8,3,"cdc,cdround,gass84",NA,"http://creativecommons.org/publicdomain/zero/1.0/legalcode","WGS84","3444102504",NA,NA,NA
"1e09d985-8f58-4a34-ab86-17e55f203c8a","HUMAN_OBSERVATION","PRESENT","Pelodiscus maackii",36.406492,128.272017,"ASIA",NA,2009,8,2,"cdc,cdround,gass84",NA,"http://creativecommons.org/publicdomain/zero/1.0/legalcode","WGS84","3444471402",NA,NA,NA
"1e09d985-8f58-4a34-ab86-17e55f203c8a","HUMAN_OBSERVATION","PRESENT","Pelodiscus maackii",36.395683,128.035031,"ASIA",NA,2009,8,28,"cdc,cdround,gass84",NA,"http://creativecommons.org/publicdomain/zero/1.0/legalcode","WGS84","3444480381",NA,NA,NA
"1e09d985-8f58-4a34-ab86-17e55f203c8a","HUMAN_OBSERVATION","PRESENT","Pelodiscus maackii",36.281542,128.364472,"ASIA",NA,2009,8,5,"cdc,cdround,gass84",NA,"http://creativecommons.org/publicdomain/zero/1.0/legalcode","WGS84","3444463403",NA,NA,NA
"1e09d985-8f58-4a34-ab86-17e55f203c8a","HUMAN_OBSERVATION","PRESENT","Pelodiscus maackii",35.010556,127.479917,"ASIA",NA,2009,10,11,"cdc,cdround,gass84",NA,"http://creativecommons.org/publicdomain/zero/1.0/legalcode","WGS84","3444118483",NA,NA,NA
"1e09d985-8f58-4a34-ab86-17e55f203c8a","HUMAN_OBSERVATION","PRESENT","Pelodiscus maackii",35.01775,126.4795,"ASIA",NA,2009,10,12,"cdc,cdround,gass84",NA,"http://creativecommons.org/publicdomain/zero/1.0/legalcode","WGS84","3444463402",NA,NA,NA
"1e09d985-8f58-4a34-ab86-17e55f203c8a","HUMAN_OBSERVATION","PRESENT","Pelodiscus maackii",35.181553,129.143871,"ASIA",NA,2008,6,14,"cdc,cdround,gass84",NA,"http://creativecommons.org/publicdomain/zero/1.0/legalcode","WGS84","3444108508",NA,NA,NA
"50c9509d-22c7-4a22-a47d-8c48425ef4a7","HUMAN_OBSERVATION","PRESENT","Pelodiscus maackii",35.795538,127.192841,"ASIA","Jeollabuk-do",2008,7,8,"cdc,cdround","https://www.inaturalist.org/observations/31961","http://creativecommons.org/licenses/by/4.0/legalcode","WGS84","891018999","31961",NA,NA
"1e09d985-8f58-4a34-ab86-17e55f203c8a","HUMAN_OBSERVATION","PRESENT","Pelodiscus maackii",38.130874,127.695218,"ASIA",NA,2008,8,17,"cdc,cdround,gass84",NA,"http://creativecommons.org/publicdomain/zero/1.0/legalcode","WGS84","3444418452",NA,NA,NA
"1e09d985-8f58-4a34-ab86-17e55f203c8a","HUMAN_OBSERVATION","PRESENT","Pelodiscus maackii",35.299457,129.192143,"ASIA",NA,2008,9,8,"cdc,cdround,gass84",NA,"http://creativecommons.org/publicdomain/zero/1.0/legalcode","WGS84","3444118482",NA,NA,NA
"1e09d985-8f58-4a34-ab86-17e55f203c8a","HUMAN_OBSERVATION","PRESENT","Pelodiscus maackii",35.426612,127.963344,"ASIA",NA,2008,9,6,"cdc,cdround,gass84",NA,"http://creativecommons.org/publicdomain/zero/1.0/legalcode","WGS84","3444104473",NA,NA,NA
"1e09d985-8f58-4a34-ab86-17e55f203c8a","HUMAN_OBSERVATION","PRESENT","Pelodiscus maackii",37.69667,126.935958,"ASIA",NA,2007,5,20,"cdc,cdround,gass84",NA,"http://creativecommons.org/publicdomain/zero/1.0/legalcode","WGS84","3444096480",NA,NA,NA
"1e09d985-8f58-4a34-ab86-17e55f203c8a","HUMAN_OBSERVATION","PRESENT","Pelodiscus maackii",37.537133,126.933099,"ASIA",NA,2007,8,30,"cdc,cdround,gass84",NA,"http://creativecommons.org/publicdomain/zero/1.0/legalcode","WGS84","3444100437",NA,NA,NA
"1e09d985-8f58-4a34-ab86-17e55f203c8a","HUMAN_OBSERVATION","PRESENT","Pelodiscus maackii",36.848715,127.47814,"ASIA",NA,2006,3,11,"cdc,cdround,gass84",NA,"http://creativecommons.org/publicdomain/zero/1.0/legalcode","WGS84","3444110431",NA,NA,NA
"1e09d985-8f58-4a34-ab86-17e55f203c8a","HUMAN_OBSERVATION","PRESENT","Pelodiscus maackii",35.723012,127.852284,"ASIA",NA,2006,4,9,"cdc,cdround,gass84",NA,"http://creativecommons.org/publicdomain/zero/1.0/legalcode","WGS84","3444463401",NA,NA,NA
"1e09d985-8f58-4a34-ab86-17e55f203c8a","HUMAN_OBSERVATION","PRESENT","Pelodiscus maackii",35.612746,127.806733,"ASIA",NA,2006,4,9,"cdc,cdround,gass84",NA,"http://creativecommons.org/publicdomain/zero/1.0/legalcode","WGS84","3444102503",NA,NA,NA
"1e09d985-8f58-4a34-ab86-17e55f203c8a","HUMAN_OBSERVATION","PRESENT","Pelodiscus maackii",35.577196,127.996161,"ASIA",NA,2006,5,14,"cdc,cdround,gass84",NA,"http://creativecommons.org/publicdomain/zero/1.0/legalcode","WGS84","3444118479",NA,NA,NA
"1e09d985-8f58-4a34-ab86-17e55f203c8a","HUMAN_OBSERVATION","PRESENT","Pelodiscus maackii",35.635244,127.798123,"ASIA",NA,2006,6,10,"cdc,cdround,gass84",NA,"http://creativecommons.org/publicdomain/zero/1.0/legalcode","WGS84","3444096479",NA,NA,NA
"1e09d985-8f58-4a34-ab86-17e55f203c8a","HUMAN_OBSERVATION","PRESENT","Pelodiscus maackii",35.632745,127.983662,"ASIA",NA,2006,6,17,"cdc,cdround,gass84",NA,"http://creativecommons.org/publicdomain/zero/1.0/legalcode","WGS84","3444108507",NA,NA,NA
"1e09d985-8f58-4a34-ab86-17e55f203c8a","HUMAN_OBSERVATION","PRESENT","Pelodiscus maackii",35.736621,127.819509,"ASIA",NA,2006,7,9,"cdc,cdround,gass84",NA,"http://creativecommons.org/publicdomain/zero/1.0/legalcode","WGS84","3444108506",NA,NA,NA
"1e09d985-8f58-4a34-ab86-17e55f203c8a","HUMAN_OBSERVATION","PRESENT","Pelodiscus maackii",35.648021,127.943943,"ASIA",NA,2006,7,22,"cdc,cdround,gass84",NA,"http://creativecommons.org/publicdomain/zero/1.0/legalcode","WGS84","3444118481",NA,NA,NA
"1e09d985-8f58-4a34-ab86-17e55f203c8a","HUMAN_OBSERVATION","PRESENT","Pelodiscus maackii",35.623301,127.773958,"ASIA",NA,2006,7,29,"cdc,cdround,gass84",NA,"http://creativecommons.org/publicdomain/zero/1.0/legalcode","WGS84","3444094490",NA,NA,NA
"1e09d985-8f58-4a34-ab86-17e55f203c8a","HUMAN_OBSERVATION","PRESENT","Pelodiscus maackii",35.514424,127.798679,"ASIA",NA,2006,7,30,"cdc,cdround,gass84",NA,"http://creativecommons.org/publicdomain/zero/1.0/legalcode","WGS84","3444420411",NA,NA,NA
"1e09d985-8f58-4a34-ab86-17e55f203c8a","HUMAN_OBSERVATION","PRESENT","Pelodiscus maackii",36.826496,127.492583,"ASIA",NA,2006,7,10,"cdc,cdround,gass84",NA,"http://creativecommons.org/publicdomain/zero/1.0/legalcode","WGS84","3444418451",NA,NA,NA
"50c9509d-22c7-4a22-a47d-8c48425ef4a7","HUMAN_OBSERVATION","PRESENT","Pelodiscus maackii",37.189314,127.007446,"ASIA","Gyeonggi-do",2006,8,12,"cdc,cdround","https://www.inaturalist.org/observations/32002","http://creativecommons.org/licenses/by/4.0/legalcode","WGS84","891018993","32002",NA,NA
"1e09d985-8f58-4a34-ab86-17e55f203c8a","HUMAN_OBSERVATION","PRESENT","Pelodiscus maackii",35.652737,126.9232,"ASIA",NA,2006,8,13,"cdc,cdround,gass84",NA,"http://creativecommons.org/publicdomain/zero/1.0/legalcode","WGS84","3444101473",NA,NA,NA
"1e09d985-8f58-4a34-ab86-17e55f203c8a","HUMAN_OBSERVATION","PRESENT","Pelodiscus maackii",35.675518,127.983384,"ASIA",NA,2006,9,2,"cdc,cdround,gass84",NA,"http://creativecommons.org/publicdomain/zero/1.0/legalcode","WGS84","3444118480",NA,NA,NA
"1e09d985-8f58-4a34-ab86-17e55f203c8a","HUMAN_OBSERVATION","PRESENT","Pelodiscus maackii",35.516368,127.775626,"ASIA",NA,2006,9,10,"cdc,cdround,gass84",NA,"http://creativecommons.org/publicdomain/zero/1.0/legalcode","WGS84","3444110430",NA,NA,NA
"1e09d985-8f58-4a34-ab86-17e55f203c8a","HUMAN_OBSERVATION","PRESENT","Pelodiscus maackii",35.739955,127.925055,"ASIA",NA,2006,10,14,"cdc,cdround,gass84",NA,"http://creativecommons.org/publicdomain/zero/1.0/legalcode","WGS84","3444434419",NA,NA,NA
"1e09d985-8f58-4a34-ab86-17e55f203c8a","HUMAN_OBSERVATION","PRESENT","Pelodiscus maackii",35.558753,127.763933,"ASIA",NA,2006,10,21,"cdc,cdround,gass84",NA,"http://creativecommons.org/publicdomain/zero/1.0/legalcode","WGS84","3444094491",NA,NA,NA
"1e09d985-8f58-4a34-ab86-17e55f203c8a","HUMAN_OBSERVATION","PRESENT","Pelodiscus maackii",35.615859,127.102997,"ASIA",NA,2005,3,10,"cdc,cdround,gass84",NA,"http://creativecommons.org/publicdomain/zero/1.0/legalcode","WGS84","3444102500",NA,NA,NA
"1e09d985-8f58-4a34-ab86-17e55f203c8a","HUMAN_OBSERVATION","PRESENT","Pelodiscus maackii",35.855281,127.182713,"ASIA",NA,2005,3,21,"cdc,cdround,gass84",NA,"http://creativecommons.org/publicdomain/zero/1.0/legalcode","WGS84","3444425492",NA,NA,NA
"1e09d985-8f58-4a34-ab86-17e55f203c8a","HUMAN_OBSERVATION","PRESENT","Pelodiscus maackii",35.853637,127.22199,"ASIA",NA,2005,3,21,"cdc,cdround,gass84",NA,"http://creativecommons.org/publicdomain/zero/1.0/legalcode","WGS84","3444104472",NA,NA,NA
"1e09d985-8f58-4a34-ab86-17e55f203c8a","HUMAN_OBSERVATION","PRESENT","Pelodiscus maackii",35.817102,127.221579,"ASIA",NA,2005,3,21,"cdc,cdround,gass84",NA,"http://creativecommons.org/publicdomain/zero/1.0/legalcode","WGS84","3444424486",NA,NA,NA
"1e09d985-8f58-4a34-ab86-17e55f203c8a","HUMAN_OBSERVATION","PRESENT","Pelodiscus maackii",35.870421,127.484934,"ASIA",NA,2005,3,21,"cdc,cdround,gass84",NA,"http://creativecommons.org/publicdomain/zero/1.0/legalcode","WGS84","3444102501",NA,NA,NA
"1e09d985-8f58-4a34-ab86-17e55f203c8a","HUMAN_OBSERVATION","PRESENT","Pelodiscus maackii",35.817173,127.448193,"ASIA",NA,2005,3,21,"cdc,cdround,gass84",NA,"http://creativecommons.org/publicdomain/zero/1.0/legalcode","WGS84","3444471400",NA,NA,NA
"1e09d985-8f58-4a34-ab86-17e55f203c8a","HUMAN_OBSERVATION","PRESENT","Pelodiscus maackii",35.982337,129.48214,"ASIA",NA,2005,3,12,"cdc,cdround,gass84",NA,"http://creativecommons.org/publicdomain/zero/1.0/legalcode","WGS84","3444108505",NA,NA,NA
"1e09d985-8f58-4a34-ab86-17e55f203c8a","HUMAN_OBSERVATION","PRESENT","Pelodiscus maackii",35.92618,129.368384,"ASIA",NA,2005,3,12,"cdc,cdround,gass84",NA,"http://creativecommons.org/publicdomain/zero/1.0/legalcode","WGS84","3444431452",NA,NA,NA
"1e09d985-8f58-4a34-ab86-17e55f203c8a","HUMAN_OBSERVATION","PRESENT","Pelodiscus maackii",35.978381,129.354158,"ASIA",NA,2005,3,12,"cdc,cdround,gass84",NA,"http://creativecommons.org/publicdomain/zero/1.0/legalcode","WGS84","3444480380",NA,NA,NA
"1e09d985-8f58-4a34-ab86-17e55f203c8a","HUMAN_OBSERVATION","PRESENT","Pelodiscus maackii",35.372725,129.279316,"ASIA",NA,2005,3,5,"cdc,cdround,gass84",NA,"http://creativecommons.org/publicdomain/zero/1.0/legalcode","WGS84","3444101472",NA,NA,NA
"1e09d985-8f58-4a34-ab86-17e55f203c8a","HUMAN_OBSERVATION","PRESENT","Pelodiscus maackii",35.298987,129.133345,"ASIA",NA,2005,3,5,"cdc,cdround,gass84",NA,"http://creativecommons.org/publicdomain/zero/1.0/legalcode","WGS84","3444096478",NA,NA,NA
"1e09d985-8f58-4a34-ab86-17e55f203c8a","HUMAN_OBSERVATION","PRESENT","Pelodiscus maackii",35.273234,129.14706,"ASIA",NA,2005,3,5,"cdc,cdround,gass84",NA,"http://creativecommons.org/publicdomain/zero/1.0/legalcode","WGS84","3444110429",NA,NA,NA
"1e09d985-8f58-4a34-ab86-17e55f203c8a","HUMAN_OBSERVATION","PRESENT","Pelodiscus maackii",35.770481,127.017528,"ASIA",NA,2005,4,19,"cdc,cdround,gass84",NA,"http://creativecommons.org/publicdomain/zero/1.0/legalcode","WGS84","3444096477",NA,NA,NA
"1e09d985-8f58-4a34-ab86-17e55f203c8a","HUMAN_OBSERVATION","PRESENT","Pelodiscus maackii",35.846336,127.069072,"ASIA",NA,2005,4,19,"cdc,cdround,gass84",NA,"http://creativecommons.org/publicdomain/zero/1.0/legalcode","WGS84","3444102499",NA,NA,NA
"1e09d985-8f58-4a34-ab86-17e55f203c8a","HUMAN_OBSERVATION","PRESENT","Pelodiscus maackii",35.995314,128.448785,"ASIA",NA,2005,4,6,"cdc,cdround,gass84",NA,"http://creativecommons.org/publicdomain/zero/1.0/legalcode","WGS84","3444102502",NA,NA,NA
"1e09d985-8f58-4a34-ab86-17e55f203c8a","HUMAN_OBSERVATION","PRESENT","Pelodiscus maackii",35.969954,128.487165,"ASIA",NA,2005,4,6,"cdc,cdround,gass84",NA,"http://creativecommons.org/publicdomain/zero/1.0/legalcode","WGS84","3444420410",NA,NA,NA
"1e09d985-8f58-4a34-ab86-17e55f203c8a","HUMAN_OBSERVATION","PRESENT","Pelodiscus maackii",37.926241,127.782062,"ASIA",NA,2004,2,23,"cdc,cdround,gass84",NA,"http://creativecommons.org/publicdomain/zero/1.0/legalcode","WGS84","3444118473",NA,NA,NA
"1e09d985-8f58-4a34-ab86-17e55f203c8a","HUMAN_OBSERVATION","PRESENT","Pelodiscus maackii",37.843222,127.552422,"ASIA",NA,2004,2,23,"cdc,cdround,gass84",NA,"http://creativecommons.org/publicdomain/zero/1.0/legalcode","WGS84","3444101461",NA,NA,NA
"1e09d985-8f58-4a34-ab86-17e55f203c8a","HUMAN_OBSERVATION","PRESENT","Pelodiscus maackii",37.826422,127.615136,"ASIA",NA,2004,2,23,"cdc,cdround,gass84",NA,"http://creativecommons.org/publicdomain/zero/1.0/legalcode","WGS84","3444480371",NA,NA,NA
"1e09d985-8f58-4a34-ab86-17e55f203c8a","HUMAN_OBSERVATION","PRESENT","Pelodiscus maackii",37.693425,127.725115,"ASIA",NA,2004,2,23,"cdc,cdround,gass84",NA,"http://creativecommons.org/publicdomain/zero/1.0/legalcode","WGS84","3444418441",NA,NA,NA
"1e09d985-8f58-4a34-ab86-17e55f203c8a","HUMAN_OBSERVATION","PRESENT","Pelodiscus maackii",37.673813,127.742677,"ASIA",NA,2004,2,23,"cdc,cdround,gass84",NA,"http://creativecommons.org/publicdomain/zero/1.0/legalcode","WGS84","3444431444",NA,NA,NA
"1e09d985-8f58-4a34-ab86-17e55f203c8a","HUMAN_OBSERVATION","PRESENT","Pelodiscus maackii",37.944474,127.931915,"ASIA",NA,2004,3,20,"cdc,cdround,gass84",NA,"http://creativecommons.org/publicdomain/zero/1.0/legalcode","WGS84","3444094480",NA,NA,NA
"1e09d985-8f58-4a34-ab86-17e55f203c8a","HUMAN_OBSERVATION","PRESENT","Pelodiscus maackii",37.836822,128.423394,"ASIA",NA,2004,3,17,"cdc,cdround,gass84",NA,"http://creativecommons.org/publicdomain/zero/1.0/legalcode","WGS84","3444424477",NA,NA,NA
"1e09d985-8f58-4a34-ab86-17e55f203c8a","HUMAN_OBSERVATION","PRESENT","Pelodiscus maackii",38.064909,128.588546,"ASIA",NA,2004,3,17,"cdc,cdround,gass84",NA,"http://creativecommons.org/publicdomain/zero/1.0/legalcode","WGS84","3444431445",NA,NA,NA
"1e09d985-8f58-4a34-ab86-17e55f203c8a","HUMAN_OBSERVATION","PRESENT","Pelodiscus maackii",37.542365,127.330486,"ASIA",NA,2004,3,6,"cdc,cdround,gass84",NA,"http://creativecommons.org/publicdomain/zero/1.0/legalcode","WGS84","3444463394",NA,NA,NA
"1e09d985-8f58-4a34-ab86-17e55f203c8a","HUMAN_OBSERVATION","PRESENT","Pelodiscus maackii",37.536848,127.342761,"ASIA",NA,2004,3,6,"cdc,cdround,gass84",NA,"http://creativecommons.org/publicdomain/zero/1.0/legalcode","WGS84","3444480372",NA,NA,NA
"1e09d985-8f58-4a34-ab86-17e55f203c8a","HUMAN_OBSERVATION","PRESENT","Pelodiscus maackii",35.186457,128.791994,"ASIA",NA,2004,3,12,"cdc,cdround,gass84",NA,"http://creativecommons.org/publicdomain/zero/1.0/legalcode","WGS84","3444480373",NA,NA,NA
"1e09d985-8f58-4a34-ab86-17e55f203c8a","HUMAN_OBSERVATION","PRESENT","Pelodiscus maackii",35.184877,128.779761,"ASIA",NA,2004,3,12,"cdc,cdround,gass84",NA,"http://creativecommons.org/publicdomain/zero/1.0/legalcode","WGS84","3444471388",NA,NA,NA
"1e09d985-8f58-4a34-ab86-17e55f203c8a","HUMAN_OBSERVATION","PRESENT","Pelodiscus maackii",36.187163,126.901981,"ASIA",NA,2004,3,18,"cdc,cdround,gass84",NA,"http://creativecommons.org/publicdomain/zero/1.0/legalcode","WGS84","3444108496",NA,NA,NA
"1e09d985-8f58-4a34-ab86-17e55f203c8a","HUMAN_OBSERVATION","PRESENT","Pelodiscus maackii",37.686968,127.3868,"ASIA",NA,2004,5,4,"cdc,cdround,gass84",NA,"http://creativecommons.org/publicdomain/zero/1.0/legalcode","WGS84","3444471387",NA,NA,NA
"1e09d985-8f58-4a34-ab86-17e55f203c8a","HUMAN_OBSERVATION","PRESENT","Pelodiscus maackii",36.826128,127.593529,"ASIA",NA,2003,2,28,"cdc,cdround,gass84",NA,"http://creativecommons.org/publicdomain/zero/1.0/legalcode","WGS84","3444418442",NA,NA,NA
"1e09d985-8f58-4a34-ab86-17e55f203c8a","HUMAN_OBSERVATION","PRESENT","Pelodiscus maackii",36.101554,129.113476,"ASIA",NA,2003,2,1,"cdc,cdround,gass84",NA,"http://creativecommons.org/publicdomain/zero/1.0/legalcode","WGS84","3444101465",NA,NA,NA
"1e09d985-8f58-4a34-ab86-17e55f203c8a","HUMAN_OBSERVATION","PRESENT","Pelodiscus maackii",36.084345,129.054393,"ASIA",NA,2003,2,1,"cdc,cdround,gass84",NA,"http://creativecommons.org/publicdomain/zero/1.0/legalcode","WGS84","3444108500",NA,NA,NA
"1e09d985-8f58-4a34-ab86-17e55f203c8a","HUMAN_OBSERVATION","PRESENT","Pelodiscus maackii",36.081889,129.056685,"ASIA",NA,2003,2,1,"cdc,cdround,gass84",NA,"http://creativecommons.org/publicdomain/zero/1.0/legalcode","WGS84","3444434415",NA,NA,NA
"1e09d985-8f58-4a34-ab86-17e55f203c8a","HUMAN_OBSERVATION","PRESENT","Pelodiscus maackii",36.072409,129.088665,"ASIA",NA,2003,2,1,"cdc,cdround,gass84",NA,"http://creativecommons.org/publicdomain/zero/1.0/legalcode","WGS84","3444100429",NA,NA,NA
"1e09d985-8f58-4a34-ab86-17e55f203c8a","HUMAN_OBSERVATION","PRESENT","Pelodiscus maackii",34.913657,127.068574,"ASIA",NA,2003,2,27,"cdc,cdround,gass84",NA,"http://creativecommons.org/publicdomain/zero/1.0/legalcode","WGS84","3444104464",NA,NA,NA
"1e09d985-8f58-4a34-ab86-17e55f203c8a","HUMAN_OBSERVATION","PRESENT","Pelodiscus maackii",34.920107,127.093552,"ASIA",NA,2003,2,27,"cdc,cdround,gass84",NA,"http://creativecommons.org/publicdomain/zero/1.0/legalcode","WGS84","3444480375",NA,NA,NA
"1e09d985-8f58-4a34-ab86-17e55f203c8a","HUMAN_OBSERVATION","PRESENT","Pelodiscus maackii",34.879044,127.067055,"ASIA",NA,2003,2,27,"cdc,cdround,gass84",NA,"http://creativecommons.org/publicdomain/zero/1.0/legalcode","WGS84","3444451393",NA,NA,NA
"1e09d985-8f58-4a34-ab86-17e55f203c8a","HUMAN_OBSERVATION","PRESENT","Pelodiscus maackii",36.032946,129.035218,"ASIA",NA,2003,2,1,"cdc,cdround,gass84",NA,"http://creativecommons.org/publicdomain/zero/1.0/legalcode","WGS84","3444101469",NA,NA,NA
"1e09d985-8f58-4a34-ab86-17e55f203c8a","HUMAN_OBSERVATION","PRESENT","Pelodiscus maackii",36.045341,129.068947,"ASIA",NA,2003,2,1,"cdc,cdround,gass84",NA,"http://creativecommons.org/publicdomain/zero/1.0/legalcode","WGS84","3444425489",NA,NA,NA
"1e09d985-8f58-4a34-ab86-17e55f203c8a","HUMAN_OBSERVATION","PRESENT","Pelodiscus maackii",35.873078,129.028125,"ASIA",NA,2003,2,1,"cdc,cdround,gass84",NA,"http://creativecommons.org/publicdomain/zero/1.0/legalcode","WGS84","3444424483",NA,NA,NA
"1e09d985-8f58-4a34-ab86-17e55f203c8a","HUMAN_OBSERVATION","PRESENT","Pelodiscus maackii",35.818656,129.075128,"ASIA",NA,2003,2,1,"cdc,cdround,gass84",NA,"http://creativecommons.org/publicdomain/zero/1.0/legalcode","WGS84","3444115435",NA,NA,NA
"1e09d985-8f58-4a34-ab86-17e55f203c8a","HUMAN_OBSERVATION","PRESENT","Pelodiscus maackii",35.492026,128.782507,"ASIA",NA,2003,2,1,"cdc,cdround,gass84",NA,"http://creativecommons.org/publicdomain/zero/1.0/legalcode","WGS84","3444431451",NA,NA,NA
"1e09d985-8f58-4a34-ab86-17e55f203c8a","HUMAN_OBSERVATION","PRESENT","Pelodiscus maackii",35.482269,128.764446,"ASIA",NA,2003,2,1,"cdc,cdround,gass84",NA,"http://creativecommons.org/publicdomain/zero/1.0/legalcode","WGS84","3444434418",NA,NA,NA
"1e09d985-8f58-4a34-ab86-17e55f203c8a","HUMAN_OBSERVATION","PRESENT","Pelodiscus maackii",35.460473,128.823395,"ASIA",NA,2003,2,1,"cdc,cdround,gass84",NA,"http://creativecommons.org/publicdomain/zero/1.0/legalcode","WGS84","3444094488",NA,NA,NA
"1e09d985-8f58-4a34-ab86-17e55f203c8a","HUMAN_OBSERVATION","PRESENT","Pelodiscus maackii",35.488958,128.889744,"ASIA",NA,2003,2,1,"cdc,cdround,gass84",NA,"http://creativecommons.org/publicdomain/zero/1.0/legalcode","WGS84","3444104470",NA,NA,NA
"1e09d985-8f58-4a34-ab86-17e55f203c8a","HUMAN_OBSERVATION","PRESENT","Pelodiscus maackii",35.398172,128.828304,"ASIA",NA,2003,2,1,"cdc,cdround,gass84",NA,"http://creativecommons.org/publicdomain/zero/1.0/legalcode","WGS84","3444108504",NA,NA,NA
"1e09d985-8f58-4a34-ab86-17e55f203c8a","HUMAN_OBSERVATION","PRESENT","Pelodiscus maackii",35.4076,128.845392,"ASIA",NA,2003,2,1,"cdc,cdround,gass84",NA,"http://creativecommons.org/publicdomain/zero/1.0/legalcode","WGS84","3444425490",NA,NA,NA
"1e09d985-8f58-4a34-ab86-17e55f203c8a","HUMAN_OBSERVATION","PRESENT","Pelodiscus maackii",35.398253,128.895677,"ASIA",NA,2003,2,1,"cdc,cdround,gass84",NA,"http://creativecommons.org/publicdomain/zero/1.0/legalcode","WGS84","3444115437",NA,NA,NA
"1e09d985-8f58-4a34-ab86-17e55f203c8a","HUMAN_OBSERVATION","PRESENT","Pelodiscus maackii",35.374942,128.915535,"ASIA",NA,2003,2,1,"cdc,cdround,gass84",NA,"http://creativecommons.org/publicdomain/zero/1.0/legalcode","WGS84","3444425491",NA,NA,NA
"1e09d985-8f58-4a34-ab86-17e55f203c8a","HUMAN_OBSERVATION","PRESENT","Pelodiscus maackii",35.367035,128.903275,"ASIA",NA,2003,2,1,"cdc,cdround,gass84",NA,"http://creativecommons.org/publicdomain/zero/1.0/legalcode","WGS84","3444104471",NA,NA,NA
"1e09d985-8f58-4a34-ab86-17e55f203c8a","HUMAN_OBSERVATION","PRESENT","Pelodiscus maackii",35.364406,128.918004,"ASIA",NA,2003,2,1,"cdc,cdround,gass84",NA,"http://creativecommons.org/publicdomain/zero/1.0/legalcode","WGS84","3444101470",NA,NA,NA
"1e09d985-8f58-4a34-ab86-17e55f203c8a","HUMAN_OBSERVATION","PRESENT","Pelodiscus maackii",35.342187,128.976981,"ASIA",NA,2003,2,1,"cdc,cdround,gass84",NA,"http://creativecommons.org/publicdomain/zero/1.0/legalcode","WGS84","3444101471",NA,NA,NA
"1e09d985-8f58-4a34-ab86-17e55f203c8a","HUMAN_OBSERVATION","PRESENT","Pelodiscus maackii",35.313861,128.974967,"ASIA",NA,2003,2,1,"cdc,cdround,gass84",NA,"http://creativecommons.org/publicdomain/zero/1.0/legalcode","WGS84","3444100434",NA,NA,NA
"1e09d985-8f58-4a34-ab86-17e55f203c8a","HUMAN_OBSERVATION","PRESENT","Pelodiscus maackii",35.288138,129.0122,"ASIA",NA,2003,2,1,"cdc,cdround,gass84",NA,"http://creativecommons.org/publicdomain/zero/1.0/legalcode","WGS84","3444451401",NA,NA,NA
"1e09d985-8f58-4a34-ab86-17e55f203c8a","HUMAN_OBSERVATION","PRESENT","Pelodiscus maackii",34.83808,127.251967,"ASIA",NA,2003,3,8,"cdc,cdround,gass84",NA,"http://creativecommons.org/publicdomain/zero/1.0/legalcode","WGS84","3444471395",NA,NA,NA
"1e09d985-8f58-4a34-ab86-17e55f203c8a","HUMAN_OBSERVATION","PRESENT","Pelodiscus maackii",34.547922,127.292518,"ASIA",NA,2003,3,1,"cdc,cdround,gass84",NA,"http://creativecommons.org/publicdomain/zero/1.0/legalcode","WGS84","3444096474",NA,NA,NA
"1e09d985-8f58-4a34-ab86-17e55f203c8a","HUMAN_OBSERVATION","PRESENT","Pelodiscus maackii",34.551899,127.266044,"ASIA",NA,2003,3,1,"cdc,cdround,gass84",NA,"http://creativecommons.org/publicdomain/zero/1.0/legalcode","WGS84","3444451395",NA,NA,NA
"1e09d985-8f58-4a34-ab86-17e55f203c8a","HUMAN_OBSERVATION","PRESENT","Pelodiscus maackii",35.31568,128.558592,"ASIA",NA,2003,3,22,"cdc,cdround,gass84",NA,"http://creativecommons.org/publicdomain/zero/1.0/legalcode","WGS84","3444425485",NA,NA,NA
"1e09d985-8f58-4a34-ab86-17e55f203c8a","HUMAN_OBSERVATION","PRESENT","Pelodiscus maackii",34.823315,127.694801,"ASIA",NA,2003,3,8,"cdc,cdround,gass84",NA,"http://creativecommons.org/publicdomain/zero/1.0/legalcode","WGS84","3444463400",NA,NA,NA
"1e09d985-8f58-4a34-ab86-17e55f203c8a","HUMAN_OBSERVATION","PRESENT","Pelodiscus maackii",38.358936,128.471986,"ASIA",NA,2002,3,9,"cdc,cdround,gass84",NA,"http://creativecommons.org/publicdomain/zero/1.0/legalcode","WGS84","3444094479",NA,NA,NA
"1e09d985-8f58-4a34-ab86-17e55f203c8a","HUMAN_OBSERVATION","PRESENT","Pelodiscus maackii",36.915057,127.288001,"ASIA",NA,2002,3,18,"cdc,cdround,gass84",NA,"http://creativecommons.org/publicdomain/zero/1.0/legalcode","WGS84","3444102494",NA,NA,NA
"1e09d985-8f58-4a34-ab86-17e55f203c8a","HUMAN_OBSERVATION","PRESENT","Pelodiscus maackii",38.181897,128.296171,"ASIA",NA,2002,3,16,"cdc,cdround,gass84",NA,"http://creativecommons.org/publicdomain/zero/1.0/legalcode","WGS84","3444420402",NA,NA,NA
"1e09d985-8f58-4a34-ab86-17e55f203c8a","HUMAN_OBSERVATION","PRESENT","Pelodiscus maackii",36.227405,127.505429,"ASIA",NA,2002,3,14,"cdc,cdround,gass84",NA,"http://creativecommons.org/publicdomain/zero/1.0/legalcode","WGS84","3444471391",NA,NA,NA
"1e09d985-8f58-4a34-ab86-17e55f203c8a","HUMAN_OBSERVATION","PRESENT","Pelodiscus maackii",36.304079,127.660734,"ASIA",NA,2002,3,14,"cdc,cdround,gass84",NA,"http://creativecommons.org/publicdomain/zero/1.0/legalcode","WGS84","3444101464",NA,NA,NA
"1e09d985-8f58-4a34-ab86-17e55f203c8a","HUMAN_OBSERVATION","PRESENT","Pelodiscus maackii",36.166763,127.632188,"ASIA",NA,2002,3,14,"cdc,cdround,gass84",NA,"http://creativecommons.org/publicdomain/zero/1.0/legalcode","WGS84","3444451391",NA,NA,NA
"1e09d985-8f58-4a34-ab86-17e55f203c8a","HUMAN_OBSERVATION","PRESENT","Pelodiscus maackii",35.01494,127.903507,"ASIA",NA,2002,3,15,"cdc,cdround,gass84",NA,"http://creativecommons.org/publicdomain/zero/1.0/legalcode","WGS84","3444480378",NA,NA,NA
"1e09d985-8f58-4a34-ab86-17e55f203c8a","HUMAN_OBSERVATION","PRESENT","Pelodiscus maackii",35.019766,127.837773,"ASIA",NA,2002,3,15,"cdc,cdround,gass84",NA,"http://creativecommons.org/publicdomain/zero/1.0/legalcode","WGS84","3444100432",NA,NA,NA
"1e09d985-8f58-4a34-ab86-17e55f203c8a","HUMAN_OBSERVATION","PRESENT","Pelodiscus maackii",34.774742,127.986523,"ASIA",NA,2002,3,22,"cdc,cdround,gass84",NA,"http://creativecommons.org/publicdomain/zero/1.0/legalcode","WGS84","3444115438",NA,NA,NA
"1e09d985-8f58-4a34-ab86-17e55f203c8a","HUMAN_OBSERVATION","PRESENT","Pelodiscus maackii",35.232004,127.961823,"ASIA",NA,2002,4,1,"cdc,cdround,gass84",NA,"http://creativecommons.org/publicdomain/zero/1.0/legalcode","WGS84","3444110425",NA,NA,NA
"1e09d985-8f58-4a34-ab86-17e55f203c8a","HUMAN_OBSERVATION","PRESENT","Pelodiscus maackii",35.31421,128.003391,"ASIA",NA,2002,4,1,"cdc,cdround,gass84",NA,"http://creativecommons.org/publicdomain/zero/1.0/legalcode","WGS84","3444425483",NA,NA,NA
"1e09d985-8f58-4a34-ab86-17e55f203c8a","HUMAN_OBSERVATION","PRESENT","Pelodiscus maackii",35.345636,128.047663,"ASIA",NA,2002,4,1,"cdc,cdround,gass84",NA,"http://creativecommons.org/publicdomain/zero/1.0/legalcode","WGS84","3444104466",NA,NA,NA
"1e09d985-8f58-4a34-ab86-17e55f203c8a","HUMAN_OBSERVATION","PRESENT","Pelodiscus maackii",35.278211,127.973754,"ASIA",NA,2002,4,1,"cdc,cdround,gass84",NA,"http://creativecommons.org/publicdomain/zero/1.0/legalcode","WGS84","3444425484",NA,NA,NA
"1e09d985-8f58-4a34-ab86-17e55f203c8a","HUMAN_OBSERVATION","PRESENT","Pelodiscus maackii",35.275619,128.005625,"ASIA",NA,2002,4,1,"cdc,cdround,gass84",NA,"http://creativecommons.org/publicdomain/zero/1.0/legalcode","WGS84","3444115432",NA,NA,NA
"1e09d985-8f58-4a34-ab86-17e55f203c8a","HUMAN_OBSERVATION","PRESENT","Pelodiscus maackii",35.246101,128.013305,"ASIA",NA,2002,4,1,"cdc,cdround,gass84",NA,"http://creativecommons.org/publicdomain/zero/1.0/legalcode","WGS84","3444115433",NA,NA,NA
"1e09d985-8f58-4a34-ab86-17e55f203c8a","HUMAN_OBSERVATION","PRESENT","Pelodiscus maackii",35.24294,128.023114,"ASIA",NA,2002,4,1,"cdc,cdround,gass84",NA,"http://creativecommons.org/publicdomain/zero/1.0/legalcode","WGS84","3444434417",NA,NA,NA
"1e09d985-8f58-4a34-ab86-17e55f203c8a","HUMAN_OBSERVATION","PRESENT","Pelodiscus maackii",35.235073,128.012663,"ASIA",NA,2002,4,1,"cdc,cdround,gass84",NA,"http://creativecommons.org/publicdomain/zero/1.0/legalcode","WGS84","3444094485",NA,NA,NA
"1e09d985-8f58-4a34-ab86-17e55f203c8a","HUMAN_OBSERVATION","PRESENT","Pelodiscus maackii",35.293847,128.059233,"ASIA",NA,2002,4,1,"cdc,cdround,gass84",NA,"http://creativecommons.org/publicdomain/zero/1.0/legalcode","WGS84","3444096475",NA,NA,NA
"1e09d985-8f58-4a34-ab86-17e55f203c8a","HUMAN_OBSERVATION","PRESENT","Pelodiscus maackii",35.280235,128.04946,"ASIA",NA,2002,4,1,"cdc,cdround,gass84",NA,"http://creativecommons.org/publicdomain/zero/1.0/legalcode","WGS84","3444115434",NA,NA,NA
"1e09d985-8f58-4a34-ab86-17e55f203c8a","HUMAN_OBSERVATION","PRESENT","Pelodiscus maackii",35.215753,128.000433,"ASIA",NA,2002,4,1,"cdc,cdround,gass84",NA,"http://creativecommons.org/publicdomain/zero/1.0/legalcode","WGS84","3444418449",NA,NA,NA
"1e09d985-8f58-4a34-ab86-17e55f203c8a","HUMAN_OBSERVATION","PRESENT","Pelodiscus maackii",35.186562,127.996537,"ASIA",NA,2002,4,1,"cdc,cdround,gass84",NA,"http://creativecommons.org/publicdomain/zero/1.0/legalcode","WGS84","3444096476",NA,NA,NA
"1e09d985-8f58-4a34-ab86-17e55f203c8a","HUMAN_OBSERVATION","PRESENT","Pelodiscus maackii",35.205622,128.033945,"ASIA",NA,2002,4,1,"cdc,cdround,gass84",NA,"http://creativecommons.org/publicdomain/zero/1.0/legalcode","WGS84","3444471398",NA,NA,NA
"1e09d985-8f58-4a34-ab86-17e55f203c8a","HUMAN_OBSERVATION","PRESENT","Pelodiscus maackii",35.176498,128.029856,"ASIA",NA,2002,4,1,"cdc,cdround,gass84",NA,"http://creativecommons.org/publicdomain/zero/1.0/legalcode","WGS84","3444104467",NA,NA,NA
"1e09d985-8f58-4a34-ab86-17e55f203c8a","HUMAN_OBSERVATION","PRESENT","Pelodiscus maackii",35.471219,129.246651,"ASIA",NA,2002,4,1,"cdc,cdround,gass84",NA,"http://creativecommons.org/publicdomain/zero/1.0/legalcode","WGS84","3444424484",NA,NA,NA
"1e09d985-8f58-4a34-ab86-17e55f203c8a","HUMAN_OBSERVATION","PRESENT","Pelodiscus maackii",35.461129,129.263053,"ASIA",NA,2002,4,1,"cdc,cdround,gass84",NA,"http://creativecommons.org/publicdomain/zero/1.0/legalcode","WGS84","3444110427",NA,NA,NA
"1e09d985-8f58-4a34-ab86-17e55f203c8a","HUMAN_OBSERVATION","PRESENT","Pelodiscus maackii",35.399587,129.175176,"ASIA",NA,2002,4,1,"cdc,cdround,gass84",NA,"http://creativecommons.org/publicdomain/zero/1.0/legalcode","WGS84","3444418450",NA,NA,NA
"1e09d985-8f58-4a34-ab86-17e55f203c8a","HUMAN_OBSERVATION","PRESENT","Pelodiscus maackii",35.209178,128.997545,"ASIA",NA,2002,4,1,"cdc,cdround,gass84",NA,"http://creativecommons.org/publicdomain/zero/1.0/legalcode","WGS84","3444102498",NA,NA,NA
"1e09d985-8f58-4a34-ab86-17e55f203c8a","HUMAN_OBSERVATION","PRESENT","Pelodiscus maackii",35.247596,129.114699,"ASIA",NA,2002,4,1,"cdc,cdround,gass84",NA,"http://creativecommons.org/publicdomain/zero/1.0/legalcode","WGS84","3444100435",NA,NA,NA
"1e09d985-8f58-4a34-ab86-17e55f203c8a","HUMAN_OBSERVATION","PRESENT","Pelodiscus maackii",35.234148,129.117493,"ASIA",NA,2002,4,1,"cdc,cdround,gass84",NA,"http://creativecommons.org/publicdomain/zero/1.0/legalcode","WGS84","3444100436",NA,NA,NA
"1e09d985-8f58-4a34-ab86-17e55f203c8a","HUMAN_OBSERVATION","PRESENT","Pelodiscus maackii",37.976304,127.272539,"ASIA",NA,2002,5,14,"cdc,cdround,gass84",NA,"http://creativecommons.org/publicdomain/zero/1.0/legalcode","WGS84","3444431446",NA,NA,NA
"1e09d985-8f58-4a34-ab86-17e55f203c8a","HUMAN_OBSERVATION","PRESENT","Pelodiscus maackii",34.453236,126.595214,"ASIA",NA,2002,5,6,"cdc,cdround,gass84",NA,"http://creativecommons.org/publicdomain/zero/1.0/legalcode","WGS84","3444425480",NA,NA,NA
"1e09d985-8f58-4a34-ab86-17e55f203c8a","HUMAN_OBSERVATION","PRESENT","Pelodiscus maackii",37.684705,126.945992,"ASIA",NA,2001,3,22,"cdc,cdround,gass84",NA,"http://creativecommons.org/publicdomain/zero/1.0/legalcode","WGS84","3444425476",NA,NA,NA
"1e09d985-8f58-4a34-ab86-17e55f203c8a","HUMAN_OBSERVATION","PRESENT","Pelodiscus maackii",37.358121,126.906564,"ASIA",NA,2001,3,22,"cdc,cdround,gass84",NA,"http://creativecommons.org/publicdomain/zero/1.0/legalcode","WGS84","3444102493",NA,NA,NA
"1e09d985-8f58-4a34-ab86-17e55f203c8a","HUMAN_OBSERVATION","PRESENT","Pelodiscus maackii",37.457914,127.187319,"ASIA",NA,2001,3,29,"cdc,cdround,gass84",NA,"http://creativecommons.org/publicdomain/zero/1.0/legalcode","WGS84","3444431447",NA,NA,NA
"1e09d985-8f58-4a34-ab86-17e55f203c8a","HUMAN_OBSERVATION","PRESENT","Pelodiscus maackii",36.931028,129.299906,"ASIA",NA,2001,3,16,"cdc,cdround,gass84",NA,"http://creativecommons.org/publicdomain/zero/1.0/legalcode","WGS84","3444418443",NA,NA,NA
"1e09d985-8f58-4a34-ab86-17e55f203c8a","HUMAN_OBSERVATION","PRESENT","Pelodiscus maackii",36.080142,126.760187,"ASIA",NA,2001,4,4,"cdc,cdround,gass84",NA,"http://creativecommons.org/publicdomain/zero/1.0/legalcode","WGS84","3444115423",NA,NA,NA
"1e09d985-8f58-4a34-ab86-17e55f203c8a","HUMAN_OBSERVATION","PRESENT","Pelodiscus maackii",36.114579,126.902482,"ASIA",NA,2001,4,6,"cdc,cdround,gass84",NA,"http://creativecommons.org/publicdomain/zero/1.0/legalcode","WGS84","3444434412",NA,NA,NA
"1e09d985-8f58-4a34-ab86-17e55f203c8a","HUMAN_OBSERVATION","PRESENT","Pelodiscus maackii",37.320457,128.333193,"ASIA",NA,2001,4,21,"cdc,cdround,gass84",NA,"http://creativecommons.org/publicdomain/zero/1.0/legalcode","WGS84","3444471389",NA,NA,NA
"1e09d985-8f58-4a34-ab86-17e55f203c8a","HUMAN_OBSERVATION","PRESENT","Pelodiscus maackii",37.366752,128.40524,"ASIA",NA,2001,4,21,"cdc,cdround,gass84",NA,"http://creativecommons.org/publicdomain/zero/1.0/legalcode","WGS84","3444094482",NA,NA,NA
"1e09d985-8f58-4a34-ab86-17e55f203c8a","HUMAN_OBSERVATION","PRESENT","Pelodiscus maackii",37.799472,127.38152,"ASIA",NA,2001,4,25,"cdc,cdround,gass84",NA,"http://creativecommons.org/publicdomain/zero/1.0/legalcode","WGS84","3444471390",NA,NA,NA
"1e09d985-8f58-4a34-ab86-17e55f203c8a","HUMAN_OBSERVATION","PRESENT","Pelodiscus maackii",37.764472,127.399401,"ASIA",NA,2001,4,25,"cdc,cdround,gass84",NA,"http://creativecommons.org/publicdomain/zero/1.0/legalcode","WGS84","3444101462",NA,NA,NA
"1e09d985-8f58-4a34-ab86-17e55f203c8a","HUMAN_OBSERVATION","PRESENT","Pelodiscus maackii",37.749707,127.420445,"ASIA",NA,2001,4,25,"cdc,cdround,gass84",NA,"http://creativecommons.org/publicdomain/zero/1.0/legalcode","WGS84","3444424478",NA,NA,NA
"1e09d985-8f58-4a34-ab86-17e55f203c8a","HUMAN_OBSERVATION","PRESENT","Pelodiscus maackii",37.716078,127.459673,"ASIA",NA,2001,4,25,"cdc,cdround,gass84",NA,"http://creativecommons.org/publicdomain/zero/1.0/legalcode","WGS84","3444096469",NA,NA,NA
"1e09d985-8f58-4a34-ab86-17e55f203c8a","HUMAN_OBSERVATION","PRESENT","Pelodiscus maackii",36.047616,128.448845,"ASIA",NA,2001,4,1,"cdc,cdround,gass84",NA,"http://creativecommons.org/publicdomain/zero/1.0/legalcode","WGS84","3444096470",NA,NA,NA
"1e09d985-8f58-4a34-ab86-17e55f203c8a","HUMAN_OBSERVATION","PRESENT","Pelodiscus maackii",35.449985,127.202696,"ASIA",NA,2001,4,22,"cdc,cdround,gass84",NA,"http://creativecommons.org/publicdomain/zero/1.0/legalcode","WGS84","3444471394",NA,NA,NA
"1e09d985-8f58-4a34-ab86-17e55f203c8a","HUMAN_OBSERVATION","PRESENT","Pelodiscus maackii",35.926373,128.112437,"ASIA",NA,2001,4,1,"cdc,cdround,gass84",NA,"http://creativecommons.org/publicdomain/zero/1.0/legalcode","WGS84","3444471396",NA,NA,NA
"1e09d985-8f58-4a34-ab86-17e55f203c8a","HUMAN_OBSERVATION","PRESENT","Pelodiscus maackii",35.985892,128.13691,"ASIA",NA,2001,4,1,"cdc,cdround,gass84",NA,"http://creativecommons.org/publicdomain/zero/1.0/legalcode","WGS84","3444425482",NA,NA,NA
"1e09d985-8f58-4a34-ab86-17e55f203c8a","HUMAN_OBSERVATION","PRESENT","Pelodiscus maackii",35.755472,129.20489,"ASIA",NA,2001,4,1,"cdc,cdround,gass84",NA,"http://creativecommons.org/publicdomain/zero/1.0/legalcode","WGS84","3444104469",NA,NA,NA
"1e09d985-8f58-4a34-ab86-17e55f203c8a","HUMAN_OBSERVATION","PRESENT","Pelodiscus maackii",35.803985,129.068044,"ASIA",NA,2001,4,1,"cdc,cdround,gass84",NA,"http://creativecommons.org/publicdomain/zero/1.0/legalcode","WGS84","3444094487",NA,NA,NA
"1e09d985-8f58-4a34-ab86-17e55f203c8a","HUMAN_OBSERVATION","PRESENT","Pelodiscus maackii",35.533598,128.785943,"ASIA",NA,2001,4,1,"cdc,cdround,gass84",NA,"http://creativecommons.org/publicdomain/zero/1.0/legalcode","WGS84","3444108503",NA,NA,NA
"1e09d985-8f58-4a34-ab86-17e55f203c8a","HUMAN_OBSERVATION","PRESENT","Pelodiscus maackii",35.668382,129.002963,"ASIA",NA,2001,4,1,"cdc,cdround,gass84",NA,"http://creativecommons.org/publicdomain/zero/1.0/legalcode","WGS84","3444451399",NA,NA,NA
"1e09d985-8f58-4a34-ab86-17e55f203c8a","HUMAN_OBSERVATION","PRESENT","Pelodiscus maackii",35.651262,129.024753,"ASIA",NA,2001,4,1,"cdc,cdround,gass84",NA,"http://creativecommons.org/publicdomain/zero/1.0/legalcode","WGS84","3444451400",NA,NA,NA
"1e09d985-8f58-4a34-ab86-17e55f203c8a","HUMAN_OBSERVATION","PRESENT","Pelodiscus maackii",35.664638,129.09136,"ASIA",NA,2001,4,1,"cdc,cdround,gass84",NA,"http://creativecommons.org/publicdomain/zero/1.0/legalcode","WGS84","3444463399",NA,NA,NA
"1e09d985-8f58-4a34-ab86-17e55f203c8a","HUMAN_OBSERVATION","PRESENT","Pelodiscus maackii",35.628976,129.082308,"ASIA",NA,2001,4,1,"cdc,cdround,gass84",NA,"http://creativecommons.org/publicdomain/zero/1.0/legalcode","WGS84","3444110428",NA,NA,NA
"1e09d985-8f58-4a34-ab86-17e55f203c8a","HUMAN_OBSERVATION","PRESENT","Pelodiscus maackii",36.203891,127.241843,"ASIA",NA,2000,3,28,"cdc,cdround,gass84",NA,"http://creativecommons.org/publicdomain/zero/1.0/legalcode","WGS84","3444115424",NA,NA,NA
"1e09d985-8f58-4a34-ab86-17e55f203c8a","HUMAN_OBSERVATION","PRESENT","Pelodiscus maackii",34.57903,126.888668,"ASIA",NA,2000,3,11,"cdc,cdround,gass84",NA,"http://creativecommons.org/publicdomain/zero/1.0/legalcode","WGS84","3444420406",NA,NA,NA
"1e09d985-8f58-4a34-ab86-17e55f203c8a","HUMAN_OBSERVATION","PRESENT","Pelodiscus maackii",34.52904,126.828794,"ASIA",NA,2000,3,14,"cdc,cdround,gass84",NA,"http://creativecommons.org/publicdomain/zero/1.0/legalcode","WGS84","3444108501",NA,NA,NA
"1e09d985-8f58-4a34-ab86-17e55f203c8a","HUMAN_OBSERVATION","PRESENT","Pelodiscus maackii",36.119596,126.673746,"ASIA",NA,2000,4,1,"cdc,cdround,gass84",NA,"http://creativecommons.org/publicdomain/zero/1.0/legalcode","WGS84","3444425477",NA,NA,NA
"1e09d985-8f58-4a34-ab86-17e55f203c8a","HUMAN_OBSERVATION","PRESENT","Pelodiscus maackii",36.255902,126.71638,"ASIA",NA,2000,4,1,"cdc,cdround,gass84",NA,"http://creativecommons.org/publicdomain/zero/1.0/legalcode","WGS84","3444094481",NA,NA,NA
"1e09d985-8f58-4a34-ab86-17e55f203c8a","HUMAN_OBSERVATION","PRESENT","Pelodiscus maackii",36.213605,126.665905,"ASIA",NA,2000,4,1,"cdc,cdround,gass84",NA,"http://creativecommons.org/publicdomain/zero/1.0/legalcode","WGS84","3444451389",NA,NA,NA
"1e09d985-8f58-4a34-ab86-17e55f203c8a","HUMAN_OBSERVATION","PRESENT","Pelodiscus maackii",36.410834,126.88616,"ASIA",NA,2000,4,1,"cdc,cdround,gass84",NA,"http://creativecommons.org/publicdomain/zero/1.0/legalcode","WGS84","3444463395",NA,NA,NA
"1e09d985-8f58-4a34-ab86-17e55f203c8a","HUMAN_OBSERVATION","PRESENT","Pelodiscus maackii",36.509269,128.771081,"ASIA",NA,2000,4,1,"cdc,cdround,gass84",NA,"http://creativecommons.org/publicdomain/zero/1.0/legalcode","WGS84","3444425478",NA,NA,NA
"1e09d985-8f58-4a34-ab86-17e55f203c8a","HUMAN_OBSERVATION","PRESENT","Pelodiscus maackii",36.455653,128.737887,"ASIA",NA,2000,4,1,"cdc,cdround,gass84",NA,"http://creativecommons.org/publicdomain/zero/1.0/legalcode","WGS84","3444108498",NA,NA,NA
"1e09d985-8f58-4a34-ab86-17e55f203c8a","HUMAN_OBSERVATION","PRESENT","Pelodiscus maackii",36.360966,128.730358,"ASIA",NA,2000,4,1,"cdc,cdround,gass84",NA,"http://creativecommons.org/publicdomain/zero/1.0/legalcode","WGS84","3444108499",NA,NA,NA
"1e09d985-8f58-4a34-ab86-17e55f203c8a","HUMAN_OBSERVATION","PRESENT","Pelodiscus maackii",36.411451,128.869614,"ASIA",NA,2000,4,1,"cdc,cdround,gass84",NA,"http://creativecommons.org/publicdomain/zero/1.0/legalcode","WGS84","3444418445",NA,NA,NA
"1e09d985-8f58-4a34-ab86-17e55f203c8a","HUMAN_OBSERVATION","PRESENT","Pelodiscus maackii",36.286176,128.724583,"ASIA",NA,2000,4,1,"cdc,cdround,gass84",NA,"http://creativecommons.org/publicdomain/zero/1.0/legalcode","WGS84","3444104463",NA,NA,NA
"1e09d985-8f58-4a34-ab86-17e55f203c8a","HUMAN_OBSERVATION","PRESENT","Pelodiscus maackii",36.238539,128.744967,"ASIA",NA,2000,4,1,"cdc,cdround,gass84",NA,"http://creativecommons.org/publicdomain/zero/1.0/legalcode","WGS84","3444420404",NA,NA,NA
"1e09d985-8f58-4a34-ab86-17e55f203c8a","HUMAN_OBSERVATION","PRESENT","Pelodiscus maackii",36.294725,128.817385,"ASIA",NA,2000,4,1,"cdc,cdround,gass84",NA,"http://creativecommons.org/publicdomain/zero/1.0/legalcode","WGS84","3444451392",NA,NA,NA
"1e09d985-8f58-4a34-ab86-17e55f203c8a","HUMAN_OBSERVATION","PRESENT","Pelodiscus maackii",35.051674,126.924224,"ASIA",NA,2000,4,30,"cdc,cdround,gass84",NA,"http://creativecommons.org/publicdomain/zero/1.0/legalcode","WGS84","3444115429",NA,NA,NA
"1e09d985-8f58-4a34-ab86-17e55f203c8a","HUMAN_OBSERVATION","PRESENT","Pelodiscus maackii",35.667771,128.020444,"ASIA",NA,2000,4,6,"cdc,cdround,gass84",NA,"http://creativecommons.org/publicdomain/zero/1.0/legalcode","WGS84","3444094484",NA,NA,NA
"1e09d985-8f58-4a34-ab86-17e55f203c8a","HUMAN_OBSERVATION","PRESENT","Pelodiscus maackii",35.593122,128.064495,"ASIA",NA,2000,4,6,"cdc,cdround,gass84",NA,"http://creativecommons.org/publicdomain/zero/1.0/legalcode","WGS84","3444418447",NA,NA,NA
"1e09d985-8f58-4a34-ab86-17e55f203c8a","HUMAN_OBSERVATION","PRESENT","Pelodiscus maackii",35.579489,128.123596,"ASIA",NA,2000,4,6,"cdc,cdround,gass84",NA,"http://creativecommons.org/publicdomain/zero/1.0/legalcode","WGS84","3444471397",NA,NA,NA
"1e09d985-8f58-4a34-ab86-17e55f203c8a","HUMAN_OBSERVATION","PRESENT","Pelodiscus maackii",36.703407,128.314601,"ASIA",NA,2000,5,27,"cdc,cdround,gass84",NA,"http://creativecommons.org/publicdomain/zero/1.0/legalcode","WGS84","3444101463",NA,NA,NA
"1e09d985-8f58-4a34-ab86-17e55f203c8a","HUMAN_OBSERVATION","PRESENT","Pelodiscus maackii",37.57571,127.292923,"ASIA",NA,1999,3,12,"cdc,cdround,gass84",NA,"http://creativecommons.org/publicdomain/zero/1.0/legalcode","WGS84","3444115422",NA,NA,NA
"1e09d985-8f58-4a34-ab86-17e55f203c8a","HUMAN_OBSERVATION","PRESENT","Pelodiscus maackii",35.329629,127.248519,"ASIA",NA,1999,3,12,"cdc,cdround,gass84",NA,"http://creativecommons.org/publicdomain/zero/1.0/legalcode","WGS84","3444425479",NA,NA,NA
"1e09d985-8f58-4a34-ab86-17e55f203c8a","HUMAN_OBSERVATION","PRESENT","Pelodiscus maackii",34.791071,126.943283,"ASIA",NA,1999,3,5,"cdc,cdround,gass84",NA,"http://creativecommons.org/publicdomain/zero/1.0/legalcode","WGS84","3444451394",NA,NA,NA
"1e09d985-8f58-4a34-ab86-17e55f203c8a","HUMAN_OBSERVATION","PRESENT","Pelodiscus maackii",34.77355,127.015124,"ASIA",NA,1999,3,8,"cdc,cdround,gass84",NA,"http://creativecommons.org/publicdomain/zero/1.0/legalcode","WGS84","3444110424",NA,NA,NA
"1e09d985-8f58-4a34-ab86-17e55f203c8a","HUMAN_OBSERVATION","PRESENT","Pelodiscus maackii",34.699546,126.947285,"ASIA",NA,1999,3,7,"cdc,cdround,gass84",NA,"http://creativecommons.org/publicdomain/zero/1.0/legalcode","WGS84","3444100430",NA,NA,NA
"1e09d985-8f58-4a34-ab86-17e55f203c8a","HUMAN_OBSERVATION","PRESENT","Pelodiscus maackii",34.733267,127.159348,"ASIA",NA,1999,3,9,"cdc,cdround,gass84",NA,"http://creativecommons.org/publicdomain/zero/1.0/legalcode","WGS84","3444096473",NA,NA,NA
"1e09d985-8f58-4a34-ab86-17e55f203c8a","HUMAN_OBSERVATION","PRESENT","Pelodiscus maackii",35.115868,128.129267,"ASIA",NA,1999,3,22,"cdc,cdround,gass84",NA,"http://creativecommons.org/publicdomain/zero/1.0/legalcode","WGS84","3444102496",NA,NA,NA
"1e09d985-8f58-4a34-ab86-17e55f203c8a","HUMAN_OBSERVATION","PRESENT","Pelodiscus maackii",35.106617,128.169018,"ASIA",NA,1999,3,22,"cdc,cdround,gass84",NA,"http://creativecommons.org/publicdomain/zero/1.0/legalcode","WGS84","3444104468",NA,NA,NA
"1e09d985-8f58-4a34-ab86-17e55f203c8a","HUMAN_OBSERVATION","PRESENT","Pelodiscus maackii",35.995768,127.792602,"ASIA",NA,1999,4,12,"cdc,cdround,gass84",NA,"http://creativecommons.org/publicdomain/zero/1.0/legalcode","WGS84","3444451396",NA,NA,NA
"1e09d985-8f58-4a34-ab86-17e55f203c8a","HUMAN_OBSERVATION","PRESENT","Pelodiscus maackii",35.152785,127.462722,"ASIA",NA,1999,4,14,"cdc,cdround,gass84",NA,"http://creativecommons.org/publicdomain/zero/1.0/legalcode","WGS84","3444104465",NA,NA,NA
"1e09d985-8f58-4a34-ab86-17e55f203c8a","HUMAN_OBSERVATION","PRESENT","Pelodiscus maackii",35.159992,127.651543,"ASIA",NA,1999,4,28,"cdc,cdround,gass84",NA,"http://creativecommons.org/publicdomain/zero/1.0/legalcode","WGS84","3444480376",NA,NA,NA
"1e09d985-8f58-4a34-ab86-17e55f203c8a","HUMAN_OBSERVATION","PRESENT","Pelodiscus maackii",35.018077,127.499192,"ASIA",NA,1999,4,17,"cdc,cdround,gass84",NA,"http://creativecommons.org/publicdomain/zero/1.0/legalcode","WGS84","3444101467",NA,NA,NA
"1e09d985-8f58-4a34-ab86-17e55f203c8a","HUMAN_OBSERVATION","PRESENT","Pelodiscus maackii",35.082578,127.598995,"ASIA",NA,1999,4,18,"cdc,cdround,gass84",NA,"http://creativecommons.org/publicdomain/zero/1.0/legalcode","WGS84","3444451397",NA,NA,NA
"1e09d985-8f58-4a34-ab86-17e55f203c8a","HUMAN_OBSERVATION","PRESENT","Pelodiscus maackii",35.198034,128.209076,"ASIA",NA,1999,4,5,"cdc,cdround,gass84",NA,"http://creativecommons.org/publicdomain/zero/1.0/legalcode","WGS84","3444420408",NA,NA,NA
"1e09d985-8f58-4a34-ab86-17e55f203c8a","HUMAN_OBSERVATION","PRESENT","Pelodiscus maackii",35.261827,128.276963,"ASIA",NA,1999,4,4,"cdc,cdround,gass84",NA,"http://creativecommons.org/publicdomain/zero/1.0/legalcode","WGS84","3444463397",NA,NA,NA
"1e09d985-8f58-4a34-ab86-17e55f203c8a","HUMAN_OBSERVATION","PRESENT","Pelodiscus maackii",35.294066,128.365011,"ASIA",NA,1999,4,3,"cdc,cdround,gass84",NA,"http://creativecommons.org/publicdomain/zero/1.0/legalcode","WGS84","3444420409",NA,NA,NA
"1e09d985-8f58-4a34-ab86-17e55f203c8a","HUMAN_OBSERVATION","PRESENT","Pelodiscus maackii",37.018551,128.382517,"ASIA",NA,1999,5,14,"cdc,cdround,gass84",NA,"http://creativecommons.org/publicdomain/zero/1.0/legalcode","WGS84","3444420403",NA,NA,NA
"1e09d985-8f58-4a34-ab86-17e55f203c8a","HUMAN_OBSERVATION","PRESENT","Pelodiscus maackii",36.499637,129.002465,"ASIA",NA,1999,5,28,"cdc,cdround,gass84",NA,"http://creativecommons.org/publicdomain/zero/1.0/legalcode","WGS84","3444115427",NA,NA,NA
"1e09d985-8f58-4a34-ab86-17e55f203c8a","HUMAN_OBSERVATION","PRESENT","Pelodiscus maackii",35.19681,128.42969,"ASIA",NA,1999,5,21,"cdc,cdround,gass84",NA,"http://creativecommons.org/publicdomain/zero/1.0/legalcode","WGS84","3444101468",NA,NA,NA
"1e09d985-8f58-4a34-ab86-17e55f203c8a","HUMAN_OBSERVATION","PRESENT","Pelodiscus maackii",35.008943,128.079352,"ASIA",NA,1999,5,17,"cdc,cdround,gass84",NA,"http://creativecommons.org/publicdomain/zero/1.0/legalcode","WGS84","3444425486",NA,NA,NA
"1e09d985-8f58-4a34-ab86-17e55f203c8a","HUMAN_OBSERVATION","PRESENT","Pelodiscus maackii",34.960032,128.099562,"ASIA",NA,1999,5,17,"cdc,cdround,gass84",NA,"http://creativecommons.org/publicdomain/zero/1.0/legalcode","WGS84","3444118476",NA,NA,NA
"1e09d985-8f58-4a34-ab86-17e55f203c8a","HUMAN_OBSERVATION","PRESENT","Pelodiscus maackii",35.063578,128.280838,"ASIA",NA,1999,5,23,"cdc,cdround,gass84",NA,"http://creativecommons.org/publicdomain/zero/1.0/legalcode","WGS84","3444425487",NA,NA,NA
"1e09d985-8f58-4a34-ab86-17e55f203c8a","HUMAN_OBSERVATION","PRESENT","Pelodiscus maackii",35.11464,128.360397,"ASIA",NA,1999,5,22,"cdc,cdround,gass84",NA,"http://creativecommons.org/publicdomain/zero/1.0/legalcode","WGS84","3444431449",NA,NA,NA
"1e09d985-8f58-4a34-ab86-17e55f203c8a","HUMAN_OBSERVATION","PRESENT","Pelodiscus maackii",36.920495,128.652733,"ASIA",NA,1999,6,18,"cdc,cdround,gass84",NA,"http://creativecommons.org/publicdomain/zero/1.0/legalcode","WGS84","3444424480",NA,NA,NA
"1e09d985-8f58-4a34-ab86-17e55f203c8a","HUMAN_OBSERVATION","PRESENT","Pelodiscus maackii",36.902377,128.61792,"ASIA",NA,1999,6,18,"cdc,cdround,gass84",NA,"http://creativecommons.org/publicdomain/zero/1.0/legalcode","WGS84","3444115426",NA,NA,NA
"1e09d985-8f58-4a34-ab86-17e55f203c8a","HUMAN_OBSERVATION","PRESENT","Pelodiscus maackii",36.88342,128.618005,"ASIA",NA,1999,6,18,"cdc,cdround,gass84",NA,"http://creativecommons.org/publicdomain/zero/1.0/legalcode","WGS84","3444434413",NA,NA,NA
"1e09d985-8f58-4a34-ab86-17e55f203c8a","HUMAN_OBSERVATION","PRESENT","Pelodiscus maackii",36.832007,128.695217,"ASIA",NA,1999,6,26,"cdc,cdround,gass84",NA,"http://creativecommons.org/publicdomain/zero/1.0/legalcode","WGS84","3444471392",NA,NA,NA
"1e09d985-8f58-4a34-ab86-17e55f203c8a","HUMAN_OBSERVATION","PRESENT","Pelodiscus maackii",36.8124,128.698405,"ASIA",NA,1999,6,26,"cdc,cdround,gass84",NA,"http://creativecommons.org/publicdomain/zero/1.0/legalcode","WGS84","3444434414",NA,NA,NA
"1e09d985-8f58-4a34-ab86-17e55f203c8a","HUMAN_OBSERVATION","PRESENT","Pelodiscus maackii",36.788242,128.704566,"ASIA",NA,1999,6,26,"cdc,cdround,gass84",NA,"http://creativecommons.org/publicdomain/zero/1.0/legalcode","WGS84","3444108497",NA,NA,NA
"1e09d985-8f58-4a34-ab86-17e55f203c8a","HUMAN_OBSERVATION","PRESENT","Pelodiscus maackii",35.01249,128.28537,"ASIA",NA,1999,10,4,"cdc,cdround,gass84",NA,"http://creativecommons.org/publicdomain/zero/1.0/legalcode","WGS84","3444118477",NA,NA,NA
"1e09d985-8f58-4a34-ab86-17e55f203c8a","HUMAN_OBSERVATION","PRESENT","Pelodiscus maackii",35.009475,128.30018,"ASIA",NA,1999,10,4,"cdc,cdround,gass84",NA,"http://creativecommons.org/publicdomain/zero/1.0/legalcode","WGS84","3444424482",NA,NA,NA
"1e09d985-8f58-4a34-ab86-17e55f203c8a","HUMAN_OBSERVATION","PRESENT","Pelodiscus maackii",36.586232,128.368019,"ASIA",NA,1998,4,17,"cdc,cdround,gass84",NA,"http://creativecommons.org/publicdomain/zero/1.0/legalcode","WGS84","3444424479",NA,NA,NA
"1e09d985-8f58-4a34-ab86-17e55f203c8a","HUMAN_OBSERVATION","PRESENT","Pelodiscus maackii",36.558675,128.319114,"ASIA",NA,1998,4,17,"cdc,cdround,gass84",NA,"http://creativecommons.org/publicdomain/zero/1.0/legalcode","WGS84","3444451390",NA,NA,NA
"1e09d985-8f58-4a34-ab86-17e55f203c8a","HUMAN_OBSERVATION","PRESENT","Pelodiscus maackii",36.174452,128.595485,"ASIA",NA,1998,4,13,"cdc,cdround,gass84",NA,"http://creativecommons.org/publicdomain/zero/1.0/legalcode","WGS84","3444420405",NA,NA,NA
"1e09d985-8f58-4a34-ab86-17e55f203c8a","HUMAN_OBSERVATION","PRESENT","Pelodiscus maackii",36.084322,129.037616,"ASIA",NA,1998,4,10,"cdc,cdround,gass84",NA,"http://creativecommons.org/publicdomain/zero/1.0/legalcode","WGS84","3444115428",NA,NA,NA
"1e09d985-8f58-4a34-ab86-17e55f203c8a","HUMAN_OBSERVATION","PRESENT","Pelodiscus maackii",35.314677,126.423396,"ASIA",NA,1998,4,4,"cdc,cdround,gass84",NA,"http://creativecommons.org/publicdomain/zero/1.0/legalcode","WGS84","3444424481",NA,NA,NA
"1e09d985-8f58-4a34-ab86-17e55f203c8a","HUMAN_OBSERVATION","PRESENT","Pelodiscus maackii",35.637138,127.911058,"ASIA",NA,1998,4,10,"cdc,cdround,gass84",NA,"http://creativecommons.org/publicdomain/zero/1.0/legalcode","WGS84","3444425481",NA,NA,NA
"1e09d985-8f58-4a34-ab86-17e55f203c8a","HUMAN_OBSERVATION","PRESENT","Pelodiscus maackii",35.478236,127.893962,"ASIA",NA,1998,4,14,"cdc,cdround,gass84",NA,"http://creativecommons.org/publicdomain/zero/1.0/legalcode","WGS84","3444115430",NA,NA,NA
"1e09d985-8f58-4a34-ab86-17e55f203c8a","HUMAN_OBSERVATION","PRESENT","Pelodiscus maackii",35.456625,127.936985,"ASIA",NA,1998,4,14,"cdc,cdround,gass84",NA,"http://creativecommons.org/publicdomain/zero/1.0/legalcode","WGS84","3444101466",NA,NA,NA
"1e09d985-8f58-4a34-ab86-17e55f203c8a","HUMAN_OBSERVATION","PRESENT","Pelodiscus maackii",35.613921,128.03424,"ASIA",NA,1998,4,13,"cdc,cdround,gass84",NA,"http://creativecommons.org/publicdomain/zero/1.0/legalcode","WGS84","3444115431",NA,NA,NA
"1e09d985-8f58-4a34-ab86-17e55f203c8a","HUMAN_OBSERVATION","PRESENT","Pelodiscus maackii",35.468601,128.726879,"ASIA",NA,1998,4,10,"cdc,cdround,gass84",NA,"http://creativecommons.org/publicdomain/zero/1.0/legalcode","WGS84","3444100433",NA,NA,NA
"1e09d985-8f58-4a34-ab86-17e55f203c8a","HUMAN_OBSERVATION","PRESENT","Pelodiscus maackii",35.408335,128.686838,"ASIA",NA,1998,4,10,"cdc,cdround,gass84",NA,"http://creativecommons.org/publicdomain/zero/1.0/legalcode","WGS84","3444118478",NA,NA,NA
"1e09d985-8f58-4a34-ab86-17e55f203c8a","HUMAN_OBSERVATION","PRESENT","Pelodiscus maackii",35.373584,128.710945,"ASIA",NA,1998,4,10,"cdc,cdround,gass84",NA,"http://creativecommons.org/publicdomain/zero/1.0/legalcode","WGS84","3444424485",NA,NA,NA
"1e09d985-8f58-4a34-ab86-17e55f203c8a","HUMAN_OBSERVATION","PRESENT","Pelodiscus maackii",35.19993,126.551109,"ASIA",NA,1998,5,2,"cdc,cdround,gass84",NA,"http://creativecommons.org/publicdomain/zero/1.0/legalcode","WGS84","3444096471",NA,NA,NA
"1e09d985-8f58-4a34-ab86-17e55f203c8a","HUMAN_OBSERVATION","PRESENT","Pelodiscus maackii",35.160973,127.348519,"ASIA",NA,1998,5,13,"cdc,cdround,gass84",NA,"http://creativecommons.org/publicdomain/zero/1.0/legalcode","WGS84","3444434416",NA,NA,NA
"1e09d985-8f58-4a34-ab86-17e55f203c8a","HUMAN_OBSERVATION","PRESENT","Pelodiscus maackii",35.660673,128.428609,"ASIA",NA,1998,5,1,"cdc,cdround,gass84",NA,"http://creativecommons.org/publicdomain/zero/1.0/legalcode","WGS84","3444418448",NA,NA,NA
"1e09d985-8f58-4a34-ab86-17e55f203c8a","HUMAN_OBSERVATION","PRESENT","Pelodiscus maackii",35.6594,128.435517,"ASIA",NA,1998,5,1,"cdc,cdround,gass84",NA,"http://creativecommons.org/publicdomain/zero/1.0/legalcode","WGS84","3444431448",NA,NA,NA
"1e09d985-8f58-4a34-ab86-17e55f203c8a","HUMAN_OBSERVATION","PRESENT","Pelodiscus maackii",35.639857,128.474092,"ASIA",NA,1998,5,1,"cdc,cdround,gass84",NA,"http://creativecommons.org/publicdomain/zero/1.0/legalcode","WGS84","3444420407",NA,NA,NA
"1e09d985-8f58-4a34-ab86-17e55f203c8a","HUMAN_OBSERVATION","PRESENT","Pelodiscus maackii",35.559725,128.414961,"ASIA",NA,1998,5,1,"cdc,cdround,gass84",NA,"http://creativecommons.org/publicdomain/zero/1.0/legalcode","WGS84","3444451398",NA,NA,NA
"1e09d985-8f58-4a34-ab86-17e55f203c8a","HUMAN_OBSERVATION","PRESENT","Pelodiscus maackii",35.562386,128.567718,"ASIA",NA,1998,5,22,"cdc,cdround,gass84",NA,"http://creativecommons.org/publicdomain/zero/1.0/legalcode","WGS84","3444480379",NA,NA,NA
"1e09d985-8f58-4a34-ab86-17e55f203c8a","HUMAN_OBSERVATION","PRESENT","Pelodiscus maackii",35.649492,128.711156,"ASIA",NA,1998,5,22,"cdc,cdround,gass84",NA,"http://creativecommons.org/publicdomain/zero/1.0/legalcode","WGS84","3444102497",NA,NA,NA
"1e09d985-8f58-4a34-ab86-17e55f203c8a","HUMAN_OBSERVATION","PRESENT","Pelodiscus maackii",35.558273,128.71276,"ASIA",NA,1998,5,22,"cdc,cdround,gass84",NA,"http://creativecommons.org/publicdomain/zero/1.0/legalcode","WGS84","3444463398",NA,NA,NA
"1e09d985-8f58-4a34-ab86-17e55f203c8a","HUMAN_OBSERVATION","PRESENT","Pelodiscus maackii",37.288455,128.639456,"ASIA",NA,1998,6,6,"cdc,cdround,gass84",NA,"http://creativecommons.org/publicdomain/zero/1.0/legalcode","WGS84","3444480374",NA,NA,NA
"1e09d985-8f58-4a34-ab86-17e55f203c8a","HUMAN_OBSERVATION","PRESENT","Pelodiscus maackii",37.230121,128.517647,"ASIA",NA,1998,6,6,"cdc,cdround,gass84",NA,"http://creativecommons.org/publicdomain/zero/1.0/legalcode","WGS84","3444115425",NA,NA,NA
"1e09d985-8f58-4a34-ab86-17e55f203c8a","HUMAN_OBSERVATION","PRESENT","Pelodiscus maackii",36.861311,128.459954,"ASIA",NA,1998,7,6,"cdc,cdround,gass84",NA,"http://creativecommons.org/publicdomain/zero/1.0/legalcode","WGS84","3444104462",NA,NA,NA
"1e09d985-8f58-4a34-ab86-17e55f203c8a","HUMAN_OBSERVATION","PRESENT","Pelodiscus maackii",35.932675,128.732671,"ASIA",NA,1998,7,3,"cdc,cdround,gass84",NA,"http://creativecommons.org/publicdomain/zero/1.0/legalcode","WGS84","3444094486",NA,NA,NA
"1e09d985-8f58-4a34-ab86-17e55f203c8a","HUMAN_OBSERVATION","PRESENT","Pelodiscus maackii",35.97024,128.888373,"ASIA",NA,1998,7,17,"cdc,cdround,gass84",NA,"http://creativecommons.org/publicdomain/zero/1.0/legalcode","WGS84","3444471399",NA,NA,NA
"1e09d985-8f58-4a34-ab86-17e55f203c8a","HUMAN_OBSERVATION","PRESENT","Pelodiscus maackii",35.726148,127.311826,"ASIA",NA,1998,8,2,"cdc,cdround,gass84",NA,"http://creativecommons.org/publicdomain/zero/1.0/legalcode","WGS84","3444096472",NA,NA,NA
"1e09d985-8f58-4a34-ab86-17e55f203c8a","HUMAN_OBSERVATION","PRESENT","Pelodiscus maackii",34.930256,127.172882,"ASIA",NA,1998,8,4,"cdc,cdround,gass84",NA,"http://creativecommons.org/publicdomain/zero/1.0/legalcode","WGS84","3444094483",NA,NA,NA
"1e09d985-8f58-4a34-ab86-17e55f203c8a","HUMAN_OBSERVATION","PRESENT","Pelodiscus maackii",35.776173,127.463173,"ASIA",NA,1998,8,6,"cdc,cdround,gass84",NA,"http://creativecommons.org/publicdomain/zero/1.0/legalcode","WGS84","3444100431",NA,NA,NA
"1e09d985-8f58-4a34-ab86-17e55f203c8a","HUMAN_OBSERVATION","PRESENT","Pelodiscus maackii",36.142125,128.938024,"ASIA",NA,1998,9,11,"cdc,cdround,gass84",NA,"http://creativecommons.org/publicdomain/zero/1.0/legalcode","WGS84","3444463396",NA,NA,NA
"1e09d985-8f58-4a34-ab86-17e55f203c8a","HUMAN_OBSERVATION","PRESENT","Pelodiscus maackii",36.544453,128.345551,"ASIA",NA,1998,10,19,"cdc,cdround,gass84",NA,"http://creativecommons.org/publicdomain/zero/1.0/legalcode","WGS84","3444110423",NA,NA,NA
"1e09d985-8f58-4a34-ab86-17e55f203c8a","HUMAN_OBSERVATION","PRESENT","Pelodiscus maackii",35.511627,126.559002,"ASIA",NA,1997,6,10,"cdc,cdround,gass84",NA,"http://creativecommons.org/publicdomain/zero/1.0/legalcode","WGS84","3444418446",NA,NA,NA
"1e09d985-8f58-4a34-ab86-17e55f203c8a","HUMAN_OBSERVATION","PRESENT","Pelodiscus maackii",35.301427,126.705742,"ASIA",NA,1997,6,10,"cdc,cdround,gass84",NA,"http://creativecommons.org/publicdomain/zero/1.0/legalcode","WGS84","3444471393",NA,NA,NA
"1e09d985-8f58-4a34-ab86-17e55f203c8a","HUMAN_OBSERVATION","PRESENT","Pelodiscus maackii",35.488209,126.783894,"ASIA",NA,1997,6,10,"cdc,cdround,gass84",NA,"http://creativecommons.org/publicdomain/zero/1.0/legalcode","WGS84","3444118474",NA,NA,NA
"1e09d985-8f58-4a34-ab86-17e55f203c8a","HUMAN_OBSERVATION","PRESENT","Pelodiscus maackii",36.550124,128.921911,"ASIA",NA,1997,8,14,"cdc,cdround,gass84",NA,"http://creativecommons.org/publicdomain/zero/1.0/legalcode","WGS84","3444418444",NA,NA,NA
"1e09d985-8f58-4a34-ab86-17e55f203c8a","HUMAN_OBSERVATION","PRESENT","Pelodiscus maackii",35.796873,128.546323,"ASIA",NA,1997,9,5,"cdc,cdround,gass84",NA,"http://creativecommons.org/publicdomain/zero/1.0/legalcode","WGS84","3444102495",NA,NA,NA
"1e09d985-8f58-4a34-ab86-17e55f203c8a","HUMAN_OBSERVATION","PRESENT","Pelodiscus maackii",35.753307,128.500907,"ASIA",NA,1997,9,5,"cdc,cdround,gass84",NA,"http://creativecommons.org/publicdomain/zero/1.0/legalcode","WGS84","3444480377",NA,NA,NA
"1e09d985-8f58-4a34-ab86-17e55f203c8a","HUMAN_OBSERVATION","PRESENT","Pelodiscus maackii",35.709975,128.500791,"ASIA",NA,1997,9,5,"cdc,cdround,gass84",NA,"http://creativecommons.org/publicdomain/zero/1.0/legalcode","WGS84","3444118475",NA,NA,NA
"1e09d985-8f58-4a34-ab86-17e55f203c8a","HUMAN_OBSERVATION","PRESENT","Pelodiscus maackii",35.769407,128.677432,"ASIA",NA,1997,9,5,"cdc,cdround,gass84",NA,"http://creativecommons.org/publicdomain/zero/1.0/legalcode","WGS84","3444108502",NA,NA,NA
"1e09d985-8f58-4a34-ab86-17e55f203c8a","HUMAN_OBSERVATION","PRESENT","Pelodiscus maackii",35.781108,128.71426,"ASIA",NA,1997,9,5,"cdc,cdround,gass84",NA,"http://creativecommons.org/publicdomain/zero/1.0/legalcode","WGS84","3444425488",NA,NA,NA
"1e09d985-8f58-4a34-ab86-17e55f203c8a","HUMAN_OBSERVATION","PRESENT","Pelodiscus maackii",35.645557,128.736394,"ASIA",NA,1997,9,5,"cdc,cdround,gass84",NA,"http://creativecommons.org/publicdomain/zero/1.0/legalcode","WGS84","3444110426",NA,NA,NA
"1e09d985-8f58-4a34-ab86-17e55f203c8a","HUMAN_OBSERVATION","PRESENT","Pelodiscus maackii",35.637671,128.731542,"ASIA",NA,1997,9,5,"cdc,cdround,gass84",NA,"http://creativecommons.org/publicdomain/zero/1.0/legalcode","WGS84","3444431450",NA,NA,NA
"1e09d985-8f58-4a34-ab86-17e55f203c8a","HUMAN_OBSERVATION","PRESENT","Pelodiscus maackii",35.724873,128.852269,"ASIA",NA,1997,9,5,"cdc,cdround,gass84",NA,"http://creativecommons.org/publicdomain/zero/1.0/legalcode","WGS84","3444115436",NA,NA,NA
